"Year","Age0","Age1","Age2","Age3","Age4","Age5","Age6","Age7","Age8","Age9","Age10","Age11","Age12","Age13","Age14","Age15","Age16","Age17","Age18","Age19","Age20","Age21","Age22","Age23","Age24","Age25","Age26","Age27","Age28","Age29","Age30","Age31","Age32","Age33","Age34","Age35","Age36","Age37","Age38","Age39","Age40","Age41","Age42","Age43","Age44","Age45","Age46","Age47","Age48","Age49","Age50","Age51","Age52","Age53","Age54","Age55","Age56","Age57","Age58","Age59","Age60","Age61","Age62","Age63","Age64","Age65","Age66","Age67","Age68","Age69","Age70","Age71","Age72","Age73","Age74","Age75","Age76","Age77","Age78","Age79","Age80"
1916,44.9952,42.033,39.2698,36.6882,34.2763,32.023,29.9178,27.951,26.1136,24.3969,22.793,21.2946,19.8947,18.5869,17.365,16.2234,15.1569,14.1605,13.2296,12.3599,11.5473,10.7882,10.079,9.41642,8.79739,8.21905,7.67873,7.17394,6.70233,6.26172,5.85008,5.4655,5.1062,4.77052,4.45691,4.16391,3.89018,3.63444,3.39551,3.17229,2.96375,2.76891,2.58689,2.41683,2.25794,2.10951,1.97083,1.84127,1.72022,1.60714,1.50149,1.40278,1.31056,1.2244,1.14391,1.06871,0.998456,0.932818,0.871495,0.814203,0.760678,0.710671,0.663952,0.620304,0.579526,0.541428,0.505835,0.472581,0.441514,0.412489,0.385372,0.360038,0.336369,0.314257,0.293598,0.274297,0.256264,0.239418,0.223679,0.208974,2.96984
1917,44.995,42.0372,39.2698,36.6882,34.2763,32.0229,29.9177,27.9507,26.1131,24.3963,22.7924,21.294,19.8941,18.5862,17.3643,16.2228,15.1563,14.16,13.2291,12.3594,11.5469,10.7878,10.0787,9.4161,8.7971,8.21879,7.67849,7.17371,6.70212,6.26153,5.8499,5.46533,5.10604,4.77038,4.45677,4.16379,3.89006,3.63433,3.39541,3.1722,2.96366,2.76883,2.58681,2.41676,2.25788,2.10945,1.97077,1.84122,1.72018,1.60709,1.50144,1.40274,1.31052,1.22437,1.14388,1.06868,0.998428,0.932792,0.871471,0.814181,0.760657,0.710651,0.663934,0.620287,0.57951,0.541413,0.505821,0.472568,0.441502,0.412478,0.385362,0.360028,0.33636,0.314248,0.293589,0.274289,0.256257,0.239411,0.223672,0.208968,2.96976
1918,44.9947,42.0371,39.2737,36.6882,34.2763,32.0228,29.9174,27.9503,26.1124,24.3954,22.7913,21.2927,19.8928,18.5849,17.3631,16.2216,15.1552,14.1589,13.2281,12.3585,11.5461,10.7871,10.078,9.41545,8.7965,8.21823,7.67798,7.17325,6.70169,6.26113,5.84953,5.46499,5.10573,4.77008,4.4565,4.16354,3.88983,3.63412,3.39521,3.17201,2.96349,2.76867,2.58666,2.41662,2.25775,2.10933,1.97066,1.84111,1.72008,1.607,1.50136,1.40266,1.31045,1.2243,1.14381,1.06862,0.99837,0.932738,0.87142,0.814134,0.760613,0.710611,0.663895,0.620251,0.579476,0.541382,0.505792,0.472541,0.441476,0.412454,0.385339,0.360007,0.336341,0.31423,0.293573,0.274273,0.256243,0.239397,0.223659,0.208956,2.96959
1919,44.9941,42.0368,39.2736,36.6918,34.2762,32.0226,29.9168,27.9492,26.1108,24.3933,22.7888,21.29,19.8898,18.582,17.3602,16.2188,15.1525,14.1564,13.2258,12.3564,11.5441,10.7853,10.0763,9.41393,8.7951,8.21695,7.6768,7.17216,6.70068,6.2602,5.84868,5.4642,5.105,4.7694,4.45587,4.16295,3.88929,3.63361,3.39474,3.17158,2.96308,2.76829,2.58631,2.41629,2.25744,2.10904,1.97039,1.84086,1.71984,1.60678,1.50115,1.40247,1.31027,1.22414,1.14366,1.06848,0.998237,0.932613,0.871304,0.814025,0.760511,0.710516,0.663807,0.620168,0.579399,0.541309,0.505724,0.472478,0.441417,0.412399,0.385288,0.359959,0.336296,0.314188,0.293533,0.274237,0.256208,0.239365,0.22363,0.208928,2.96919
1920,44.994,42.0362,39.2733,36.6917,34.2797,32.0228,29.9172,27.9498,26.1114,24.3937,22.789,21.29,19.8897,18.5816,17.3597,16.2183,15.152,14.1559,13.2253,12.3559,11.5437,10.7848,10.0759,9.41356,8.79476,8.21664,7.67651,7.17189,6.70044,6.25998,5.84847,5.46401,5.10482,4.76925,4.45573,4.16282,3.88916,3.6335,3.39464,3.17148,2.96299,2.76821,2.58623,2.41621,2.25737,2.10898,1.97033,1.84081,1.71979,1.60673,1.50111,1.40243,1.31023,1.2241,1.14363,1.06845,0.998207,0.932585,0.871278,0.814,0.760488,0.710494,0.663787,0.62015,0.579382,0.541293,0.505709,0.472464,0.441404,0.412387,0.385277,0.359949,0.336286,0.314179,0.293525,0.274228,0.256201,0.239358,0.223623,0.208922,2.96911
1921,44.9938,42.0361,39.2728,36.6915,34.2796,32.026,29.9174,27.95,26.1117,24.3941,22.7892,21.29,19.8894,18.5812,17.3592,16.2176,15.1513,14.1552,13.2246,12.3552,11.543,10.7842,10.0753,9.41305,8.79429,8.21621,7.67612,7.17153,6.70011,6.25968,5.84819,5.46375,5.10459,4.76903,4.45553,4.16263,3.88899,3.63334,3.39449,3.17134,2.96286,2.76809,2.58612,2.41611,2.25728,2.10889,1.97025,1.84073,1.71972,1.60667,1.50105,1.40237,1.31018,1.22405,1.14358,1.0684,0.998166,0.932547,0.871242,0.813967,0.760457,0.710465,0.66376,0.620124,0.579358,0.541271,0.505688,0.472445,0.441386,0.41237,0.385261,0.359934,0.336272,0.314166,0.293513,0.274217,0.25619,0.239349,0.223614,0.208914,2.96899
1922,44.9935,42.0359,39.2726,36.691,34.2794,32.0259,29.9203,27.9499,26.1117,24.394,22.789,21.2896,19.8889,18.5804,17.3583,16.2166,15.1502,14.1541,13.2235,12.3542,11.5421,10.7833,10.0745,9.41229,8.79359,8.21556,7.67553,7.17099,6.69961,6.25922,5.84777,5.46336,5.10423,4.76869,4.45522,4.16235,3.88873,3.63309,3.39426,3.17113,2.96267,2.76791,2.58595,2.41595,2.25713,2.10875,1.97012,1.84061,1.71961,1.60657,1.50095,1.40228,1.3101,1.22397,1.14351,1.06833,0.998103,0.932488,0.871187,0.813916,0.760409,0.71042,0.663718,0.620085,0.579321,0.541237,0.505656,0.472415,0.441358,0.412344,0.385237,0.359911,0.336251,0.314146,0.293494,0.2742,0.256174,0.239333,0.2236,0.2089,2.9688
1923,44.9933,42.0357,39.2725,36.6909,34.2789,32.0257,29.9202,27.9528,26.1118,24.3942,22.7893,21.2898,19.889,18.5803,17.3579,16.2162,15.1496,14.1534,13.2228,12.3535,11.5414,10.7827,10.0739,9.4117,8.79305,8.21506,7.67507,7.17057,6.69922,6.25886,5.84744,5.46307,5.10395,4.76844,4.45498,4.16213,3.88853,3.63291,3.39409,3.17097,2.96252,2.76777,2.58582,2.41584,2.25702,2.10865,1.97003,1.84052,1.71953,1.60649,1.50088,1.40221,1.31003,1.22391,1.14345,1.06828,0.998056,0.932444,0.871146,0.813878,0.760374,0.710387,0.663687,0.620056,0.579294,0.541212,0.505633,0.472393,0.441338,0.412325,0.385219,0.359895,0.336235,0.314131,0.29348,0.274187,0.256162,0.239322,0.223589,0.208891,2.96866
1924,44.9933,42.0355,39.2723,36.6907,34.2788,32.0254,29.9203,27.9531,26.115,24.395,22.7902,21.2908,19.8899,18.5811,17.3585,16.2165,15.1498,14.1534,13.2227,12.3533,11.5412,10.7825,10.0737,9.41147,8.79283,8.21486,7.67488,7.17039,6.69907,6.25872,5.84731,5.46295,5.10384,4.76835,4.4549,4.16205,3.88845,3.63284,3.39403,3.17092,2.96247,2.76772,2.58578,2.4158,2.25699,2.10862,1.97,1.84049,1.7195,1.60646,1.50086,1.40219,1.31001,1.22389,1.14344,1.06827,0.998041,0.93243,0.871133,0.813865,0.760362,0.710377,0.663677,0.620047,0.579286,0.541204,0.505625,0.472386,0.441331,0.412318,0.385213,0.359889,0.33623,0.314127,0.293476,0.274183,0.256158,0.239319,0.223586,0.208888,2.96862
1925,44.9932,42.0355,39.2721,36.6905,34.2787,32.0252,29.9198,27.9529,26.1149,24.3974,22.7904,21.2911,19.8902,18.5814,17.3587,16.2165,15.1496,14.1531,13.2223,12.3528,11.5406,10.7819,10.0731,9.41096,8.79234,8.2144,7.67446,7.17001,6.69871,6.25839,5.84701,5.46267,5.10359,4.76811,4.45468,4.16186,3.88827,3.63268,3.39388,3.17078,2.96234,2.7676,2.58567,2.41569,2.25689,2.10853,1.96991,1.84042,1.71943,1.6064,1.50079,1.40213,1.30996,1.22384,1.14339,1.06822,0.998,0.932392,0.871097,0.813832,0.760331,0.710347,0.66365,0.620022,0.579262,0.541182,0.505605,0.472366,0.441313,0.412302,0.385197,0.359874,0.336217,0.314114,0.293464,0.274172,0.256148,0.239309,0.223577,0.208879,2.9685
1926,44.9926,42.0353,39.2721,36.6903,34.2784,32.0248,29.919,27.9514,26.1132,24.3955,22.7906,21.289,19.8882,18.5795,17.3569,16.2147,15.1478,14.1512,13.2204,12.3509,11.5388,10.7801,10.0715,9.40939,8.79089,8.21305,7.67321,7.16885,6.69764,6.25741,5.84611,5.46184,5.10282,4.7674,4.45402,4.16125,3.88771,3.63215,3.39339,3.17032,2.96192,2.76721,2.5853,2.41535,2.25657,2.10823,1.96964,1.84016,1.71919,1.60618,1.50059,1.40194,1.30978,1.22368,1.14323,1.06808,0.997864,0.932265,0.870979,0.813721,0.760228,0.710251,0.66356,0.619938,0.579183,0.541108,0.505536,0.472302,0.441254,0.412246,0.385145,0.359826,0.336171,0.314071,0.293424,0.274135,0.256113,0.239277,0.223547,0.208851,2.96809
1927,44.992,42.0348,39.272,36.6903,34.2782,32.0245,29.9186,27.9507,26.1119,24.394,22.7889,21.2893,19.8864,18.5777,17.3551,16.213,15.1461,14.1495,13.2186,12.3492,11.5371,10.7785,10.0698,9.40786,8.78944,8.21171,7.67196,7.1677,6.69658,6.25642,5.8452,5.461,5.10205,4.76669,4.45337,4.16064,3.88715,3.63163,3.39291,3.16988,2.9615,2.76683,2.58495,2.41502,2.25626,2.10794,1.96937,1.83991,1.71896,1.60596,1.50038,1.40175,1.3096,1.22351,1.14308,1.06793,0.997729,0.93214,0.870862,0.813612,0.760126,0.710156,0.663471,0.619855,0.579106,0.541036,0.505468,0.472239,0.441195,0.412191,0.385093,0.359778,0.336126,0.314029,0.293385,0.274098,0.256079,0.239245,0.223517,0.208823,2.9677
1928,44.9909,42.0343,39.2714,36.6902,34.2781,32.024,29.9176,27.9491,26.1094,24.3905,22.785,21.285,19.8839,18.5732,17.3508,16.2089,15.1421,14.1457,13.215,12.3457,11.5337,10.7753,10.0668,9.40501,8.78678,8.20923,7.66966,7.16557,6.69461,6.25461,5.84352,5.45945,5.10062,4.76536,4.45214,4.1595,3.8861,3.63066,3.392,3.16904,2.96072,2.7661,2.58427,2.41439,2.25568,2.1074,1.96887,1.83944,1.71852,1.60555,1.5,1.40139,1.30927,1.2232,1.14279,1.06766,0.997476,0.931903,0.870641,0.813406,0.759933,0.709976,0.663303,0.619698,0.578959,0.540899,0.505341,0.47212,0.441083,0.412087,0.384996,0.359687,0.336041,0.31395,0.293311,0.274029,0.256015,0.239184,0.22346,0.20877,2.96695
1929,44.9894,42.0332,39.271,36.6897,34.2779,32.0236,29.9164,27.9469,26.1064,24.3866,22.78,21.2797,19.8783,18.5694,17.3452,16.2035,15.1371,14.1409,13.2104,12.3413,11.5295,10.7712,10.063,9.40138,8.78337,8.20604,7.66669,7.1628,6.69205,6.25223,5.84132,5.4574,5.09872,4.7636,4.45051,4.15799,3.88469,3.62935,3.39079,3.16791,2.95967,2.76512,2.58336,2.41354,2.25489,2.10666,1.96818,1.8388,1.71792,1.60499,1.49948,1.40091,1.30882,1.22278,1.14239,1.06729,0.997132,0.931582,0.870341,0.813126,0.759672,0.709732,0.663075,0.619485,0.57876,0.540713,0.505167,0.471958,0.440931,0.411945,0.384864,0.359563,0.335926,0.313842,0.29321,0.273935,0.255927,0.239102,0.223384,0.208699,2.96593
1930,44.9875,42.0318,39.27,36.6892,34.2773,32.023,29.9151,27.9444,26.1026,24.3818,22.7743,21.273,19.8713,18.5623,17.3399,16.1966,15.1305,14.1347,13.2045,12.3357,11.5241,10.7661,10.0581,9.39679,8.77904,8.20197,7.66288,7.15925,6.68874,6.24915,5.83846,5.45475,5.09625,4.76131,4.44838,4.15601,3.88285,3.62764,3.3892,3.16642,2.95829,2.76384,2.58216,2.41243,2.25385,2.10569,1.96727,1.83795,1.71713,1.60425,1.4988,1.40027,1.30822,1.22222,1.14187,1.06681,0.996679,0.931158,0.869945,0.812756,0.759327,0.709409,0.662774,0.619203,0.578498,0.540468,0.504938,0.471744,0.440731,0.411758,0.384689,0.3594,0.335773,0.3137,0.293077,0.273811,0.255811,0.238994,0.223282,0.208604,2.96459
1931,44.9849,42.0301,39.2687,36.6883,34.2767,32.022,29.9135,27.9415,26.0978,24.3753,22.7664,21.2641,19.8615,18.5523,17.3299,16.1885,15.1211,14.1258,13.1961,12.3278,11.5167,10.7591,10.0515,9.39054,8.77316,8.19646,7.65773,7.15445,6.68426,6.24499,5.83459,5.45116,5.09292,4.75822,4.4455,4.15333,3.88036,3.62533,3.38705,3.16442,2.95643,2.7621,2.58055,2.41092,2.25244,2.10438,1.96605,1.83681,1.71607,1.60326,1.49787,1.39941,1.30741,1.22147,1.14117,1.06615,0.996066,0.930586,0.869411,0.812257,0.75886,0.708974,0.662367,0.618824,0.578143,0.540136,0.504628,0.471454,0.440461,0.411506,0.384454,0.35918,0.335568,0.313508,0.292898,0.273643,0.255654,0.238847,0.223146,0.208476,2.96277
1932,44.9814,42.0276,39.267,36.6871,34.2756,32.0207,29.9111,27.9375,26.0917,24.3668,22.7559,21.2522,19.8486,18.5387,17.3162,16.1751,15.1097,14.1134,13.1845,12.3169,11.5065,10.7496,10.0425,9.38212,8.76526,8.18906,7.65081,7.14799,6.67825,6.23939,5.82938,5.44632,5.08842,4.75404,4.44162,4.14973,3.87701,3.62221,3.38414,3.16172,2.95391,2.75976,2.57836,2.40889,2.25055,2.10261,1.9644,1.83528,1.71463,1.60192,1.49662,1.39824,1.30632,1.22045,1.14022,1.06527,0.995238,0.929813,0.868689,0.811583,0.758231,0.708386,0.661817,0.61831,0.577663,0.539688,0.50421,0.471064,0.440096,0.411165,0.384135,0.358882,0.33529,0.313248,0.292655,0.273416,0.255442,0.238649,0.222961,0.208303,2.96032
1933,44.9781,42.0243,39.2648,36.6855,34.2745,32.0197,29.9099,27.9353,26.0882,24.3615,22.7487,21.2432,19.8384,18.5276,17.3045,16.1633,15.098,14.1036,13.1737,12.3067,11.4969,10.7406,10.0341,9.37415,8.75775,8.18199,7.64418,7.14178,6.67244,6.23398,5.82434,5.44162,5.08406,4.74998,4.43785,4.14622,3.87374,3.61917,3.38131,3.15909,2.95146,2.75747,2.57623,2.4069,2.2487,2.10089,1.9628,1.83378,1.71324,1.60062,1.4954,1.3971,1.30526,1.21946,1.1393,1.0644,0.994431,0.92906,0.867985,0.810926,0.757617,0.707813,0.661282,0.61781,0.577196,0.539252,0.503802,0.470683,0.439741,0.410833,0.383825,0.358592,0.335019,0.312995,0.292419,0.273195,0.255236,0.238457,0.222781,0.208135,2.95793
1934,44.9749,42.0213,39.2617,36.6834,34.2731,32.0186,29.9088,27.9339,26.0859,24.358,22.7436,21.2365,19.8302,18.5183,17.2944,16.1525,15.0872,14.0929,13.1647,12.2967,11.4875,10.7317,10.0257,9.36629,8.75033,8.17499,7.63757,7.13557,6.66662,6.22853,5.81925,5.43688,5.07964,4.74586,4.43402,4.14265,3.87043,3.61608,3.37844,3.15641,2.94897,2.75516,2.57407,2.40489,2.24682,2.09914,1.96116,1.83225,1.71181,1.59929,1.49416,1.39595,1.30418,1.21845,1.13836,1.06352,0.993612,0.928295,0.867271,0.810259,0.756994,0.707231,0.660739,0.617303,0.576722,0.538809,0.503389,0.470296,0.43938,0.410495,0.38351,0.358298,0.334744,0.312738,0.292179,0.272971,0.255026,0.238261,0.222598,0.207965,2.9555
1935,44.9715,42.0183,39.2588,36.6805,34.271,32.017,29.9071,27.9319,26.0834,24.3545,22.7391,21.2305,19.8226,18.5094,17.2846,16.142,15.0762,14.0819,13.1538,12.2875,11.4775,10.7222,10.0168,9.35786,8.74239,8.1675,7.63051,7.12891,6.66036,6.22266,5.81375,5.43174,5.07485,4.7414,4.42986,4.13878,3.86682,3.61273,3.37532,3.15351,2.94626,2.75263,2.57172,2.4027,2.24478,2.09724,1.95939,1.8306,1.71027,1.59785,1.49282,1.39469,1.30301,1.21736,1.13733,1.06257,0.992721,0.927463,0.866494,0.809533,0.756317,0.706598,0.660148,0.616751,0.576206,0.538328,0.502939,0.469876,0.438987,0.410128,0.383167,0.357978,0.334445,0.312459,0.291918,0.272727,0.254799,0.238048,0.222399,0.207779,2.95286
1936,44.9669,42.0151,39.256,36.6778,34.2681,32.0142,29.9037,27.9271,26.0771,24.3469,22.7299,21.22,19.8108,18.4963,17.2704,16.1273,15.0612,14.0667,13.139,12.2732,11.4649,10.7092,10.0046,9.34646,8.73172,8.1575,7.62112,7.12009,6.65209,6.21491,5.80651,5.42497,5.06853,4.73551,4.42437,4.13367,3.86207,3.6083,3.3712,3.14967,2.94269,2.7493,2.56862,2.39981,2.24208,2.09472,1.95704,1.82841,1.70823,1.59595,1.49104,1.39303,1.30146,1.21591,1.13599,1.06131,0.991545,0.926365,0.865469,0.808576,0.755422,0.705763,0.659367,0.616022,0.575526,0.537692,0.502345,0.469321,0.438469,0.409644,0.382715,0.357555,0.33405,0.31209,0.291573,0.272406,0.254498,0.237767,0.222137,0.207534,2.94938
1937,44.9621,42.0108,39.253,36.6752,34.2654,32.0111,29.9004,27.9229,26.0713,24.3395,22.7212,21.2099,19.7996,18.4839,17.2569,16.1129,15.0464,14.0517,13.1239,12.2585,11.4507,10.6967,9.99174,9.33438,8.72041,8.1469,7.61119,7.11077,6.64334,6.2067,5.79882,5.41778,5.06181,4.72924,4.41853,4.12823,3.85699,3.60358,3.3668,3.14557,2.93887,2.74575,2.56531,2.39672,2.2392,2.09204,1.95454,1.82607,1.70605,1.59391,1.48915,1.39126,1.29981,1.21437,1.13455,1.05997,0.99029,0.925193,0.864374,0.807553,0.754467,0.704871,0.658534,0.615244,0.574799,0.537013,0.501711,0.468729,0.437915,0.409127,0.382232,0.357104,0.333629,0.311696,0.291206,0.272062,0.254177,0.237468,0.221857,0.207272,2.94566
1938,44.9573,42.0063,39.249,36.6724,34.263,32.0085,29.8971,27.9192,26.0667,24.3336,22.714,21.2016,19.7901,18.4734,17.2454,16.1004,15.033,14.0379,13.1099,12.2444,11.437,10.6834,9.98001,9.3223,8.70903,8.13623,7.60118,7.10138,6.63451,6.1984,5.79102,5.41047,5.05497,4.72284,4.41255,4.12265,3.8518,3.59873,3.36229,3.14137,2.93496,2.7421,2.56191,2.39355,2.23625,2.08928,1.95197,1.82368,1.70382,1.59183,1.4872,1.38945,1.29812,1.21279,1.13307,1.05859,0.989002,0.92399,0.863251,0.806505,0.753488,0.703956,0.65768,0.614446,0.574054,0.536317,0.50106,0.468121,0.437348,0.408597,0.381737,0.356642,0.333197,0.311293,0.290828,0.27171,0.253848,0.23716,0.221569,0.207004,2.94184
1939,44.9523,42.0018,39.2448,36.6686,34.2603,32.0059,29.8941,27.9152,26.0619,24.3276,22.7065,21.1928,19.7803,18.4625,17.2336,16.0877,15.0195,14.0238,13.0955,12.2299,11.4225,10.6694,9.9665,9.31035,8.69684,8.12477,7.59044,7.09132,6.62508,6.18955,5.78272,5.40268,5.04767,4.71601,4.40617,4.1167,3.84625,3.59356,3.35746,3.13687,2.93077,2.7382,2.55827,2.39016,2.23309,2.08634,1.94923,1.82112,1.70143,1.5896,1.48512,1.38751,1.29631,1.2111,1.13149,1.05712,0.987628,0.922707,0.862053,0.805386,0.752443,0.70298,0.656769,0.613595,0.573259,0.535574,0.500367,0.467473,0.436743,0.408032,0.381208,0.356148,0.332736,0.310862,0.290426,0.271334,0.253497,0.236832,0.221263,0.206717,2.93778
1940,43.661,41.9972,39.2407,36.6647,34.2569,32.0039,29.8928,27.9141,26.0604,24.3257,22.7036,21.1885,19.7747,18.4558,17.2258,16.079,15.0098,14.0131,13.0842,12.2182,11.4106,10.6574,9.9548,9.29905,8.68691,8.11452,7.5808,7.08229,6.61662,6.18162,5.77527,5.39568,5.0411,4.70986,4.40041,4.11131,3.84122,3.58887,3.3531,3.13281,2.92698,2.73467,2.55499,2.3871,2.23024,2.08368,1.94675,1.81881,1.69928,1.58759,1.48325,1.38576,1.29468,1.20958,1.13007,1.05579,0.986391,0.921552,0.860974,0.804379,0.751503,0.702102,0.655948,0.612829,0.572543,0.534906,0.499742,0.46689,0.436198,0.407523,0.380733,0.355704,0.332321,0.310475,0.290064,0.270996,0.253181,0.236537,0.220987,0.20646,2.93412
1941,43.5137,40.7907,39.2363,36.6608,34.2531,32.0001,29.8894,27.9105,26.0566,24.3214,22.6992,21.1835,19.7687,18.4489,17.2181,16.0703,15.0004,14.0028,13.073,12.2064,11.3985,10.6451,9.94248,9.28704,8.6753,8.10423,7.57026,7.07235,6.60729,6.17286,5.76704,5.38795,5.03383,4.70303,4.39401,4.10532,3.83561,3.58363,3.34821,3.12825,2.92273,2.73071,2.55129,2.38366,2.22703,2.08069,1.94396,1.81621,1.69685,1.58533,1.48114,1.38379,1.29284,1.20786,1.12847,1.0543,0.984995,0.920249,0.859758,0.803242,0.750442,0.701111,0.655023,0.611964,0.571736,0.534152,0.499038,0.466233,0.435583,0.406949,0.380197,0.355204,0.331853,0.310037,0.289656,0.270614,0.252824,0.236204,0.220676,0.206169,2.92999
1942,43.3464,40.6532,38.1092,36.6567,34.2495,31.9965,29.8858,27.9073,26.0531,24.3175,22.6947,21.1788,19.7633,18.4425,17.2108,16.0623,14.9915,13.9933,13.0628,12.1954,11.387,10.6334,9.93068,9.27523,8.66381,8.09316,7.56045,7.06233,6.59785,6.16401,5.75874,5.38016,5.02651,4.69616,4.38755,4.09927,3.82995,3.57834,3.34326,3.12363,2.91843,2.7267,2.54755,2.38018,2.22379,2.07767,1.94114,1.81358,1.6944,1.58304,1.47901,1.3818,1.29098,1.20613,1.12685,1.05279,0.983587,0.918934,0.85853,0.802096,0.749372,0.700112,0.65409,0.611093,0.570922,0.533392,0.498328,0.465569,0.434964,0.40637,0.379656,0.354699,0.331381,0.309597,0.289244,0.27023,0.252465,0.235868,0.220363,0.205876,2.92583
1943,43.16,40.4969,37.9806,35.6038,34.2461,31.995,29.8867,27.9108,26.059,24.3244,22.7017,21.1853,19.7692,18.4473,17.2142,16.0643,14.9923,13.9928,13.0612,12.1927,11.3831,10.6286,9.92525,9.26936,8.65759,8.08693,7.5543,7.05709,6.59216,6.15862,5.75367,5.3754,5.02203,4.69193,4.38357,4.09552,3.82642,3.57503,3.34017,3.12075,2.91574,2.72419,2.54522,2.37801,2.22177,2.07579,1.93939,1.81195,1.69288,1.58163,1.47769,1.38058,1.28984,1.20507,1.12586,1.05186,0.982724,0.918129,0.857779,0.801395,0.748717,0.699501,0.65352,0.61056,0.570425,0.532927,0.497894,0.465164,0.434586,0.406017,0.379327,0.35439,0.331094,0.309328,0.288993,0.269995,0.252246,0.235664,0.220172,0.205698,2.92329
1944,42.9509,40.3227,37.8346,35.4837,33.2624,31.9918,29.885,27.9111,26.0614,24.3288,22.7069,21.1904,19.7738,18.4514,17.2173,16.0662,14.993,13.9924,13.0597,12.1902,11.3797,10.6242,9.92004,9.26362,8.65151,8.08057,7.54798,7.05088,6.58683,6.1529,5.74828,5.37033,5.01727,4.68746,4.37936,4.09155,3.82269,3.57153,3.33689,3.11768,2.91288,2.72152,2.54274,2.37569,2.21961,2.07378,1.93753,1.81022,1.69127,1.58013,1.47629,1.37927,1.28863,1.20393,1.12481,1.05088,0.981805,0.917272,0.856979,0.800649,0.74802,0.698851,0.652913,0.609994,0.569896,0.532433,0.497433,0.464734,0.434184,0.405642,0.378976,0.354063,0.330787,0.309042,0.288726,0.269746,0.252013,0.235446,0.219968,0.205508,2.92059
1945,42.7137,40.1273,37.6718,35.347,33.149,31.0692,29.8741,27.8963,26.043,24.3077,22.6842,21.1665,19.7492,18.4267,17.1931,16.0425,14.9698,13.9699,13.0379,12.1691,11.3593,10.6044,9.90071,9.24482,8.63336,8.06314,7.53123,7.03503,6.57187,6.13947,5.73512,5.35806,5.00584,4.67681,4.36943,4.08228,3.81403,3.56344,3.32934,3.11063,2.9063,2.71539,2.53703,2.37037,2.21466,2.06916,1.93322,1.80621,1.68753,1.57665,1.47304,1.37624,1.2858,1.2013,1.12235,1.04858,0.979663,0.915272,0.855113,0.798907,0.746394,0.697332,0.651494,0.608669,0.568659,0.531278,0.496354,0.463726,0.433243,0.404763,0.378155,0.353296,0.330071,0.308373,0.288101,0.269162,0.251468,0.234936,0.219492,0.205063,2.91427
1946,42.4441,39.9057,37.4893,35.1945,33.0189,30.9556,28.996,27.8576,25.9893,24.2413,22.6089,21.0862,19.6668,18.3445,17.1129,15.9658,14.897,13.9012,12.9733,12.1087,11.3027,10.5515,9.8511,9.19818,8.58952,8.02199,7.49266,6.99883,6.53808,6.10795,5.70634,5.33074,4.98045,4.65321,4.34748,4.06185,3.795,3.54571,3.31281,3.09522,2.89193,2.702,2.52454,2.35873,2.20381,2.05905,1.9238,1.79742,1.67933,1.569,1.46591,1.36959,1.27959,1.1955,1.11694,1.04353,0.97495,0.910873,0.851005,0.795071,0.742812,0.693987,0.648371,0.605752,0.565934,0.528733,0.493977,0.461506,0.431168,0.402825,0.376345,0.351605,0.328492,0.306897,0.286723,0.267874,0.250265,0.233813,0.218442,0.204082,2.90034
1947,42.1548,39.6538,37.2823,35.0238,32.8757,30.8319,28.8851,27.0308,25.9424,24.1786,22.5335,21.0022,19.5784,18.2546,17.0239,15.8794,14.8146,13.8231,12.8998,12.0397,11.2382,10.4911,9.79471,9.14536,8.53993,7.97545,7.44903,6.95797,6.49976,6.07219,5.67299,5.30021,4.95154,4.62633,4.32249,4.0386,3.77336,3.52554,3.29401,3.07769,2.87559,2.68677,2.51034,2.34549,2.19147,2.04754,1.91307,1.78741,1.67,1.56029,1.45779,1.36201,1.27252,1.1889,1.11078,1.03778,0.969583,0.905862,0.846326,0.790702,0.738732,0.690177,0.644813,0.602429,0.562831,0.525834,0.49127,0.458977,0.428806,0.400618,0.374284,0.34968,0.326693,0.305217,0.285153,0.266408,0.248895,0.232533,0.217247,0.202965,2.88447
1948,41.8725,39.3836,37.047,34.8311,32.7198,30.709,28.7929,26.9663,25.2269,24.2041,22.5533,21.015,19.5846,18.2554,17.0202,15.8723,14.8051,13.8124,12.8881,12.0274,11.2256,10.4786,9.78215,9.13296,8.52763,7.96322,7.43696,6.94618,6.48835,6.06114,5.66248,5.29025,4.94266,4.61755,4.3143,4.03097,3.76625,3.51891,3.28782,3.07191,2.87019,2.68172,2.50563,2.3411,2.18737,2.04373,1.90952,1.78411,1.66692,1.55743,1.45512,1.35952,1.2702,1.18674,1.10877,1.03591,0.967833,0.904229,0.844803,0.789281,0.737406,0.68894,0.643657,0.601351,0.561824,0.524894,0.490392,0.458157,0.428041,0.399904,0.373616,0.349056,0.326111,0.304673,0.284645,0.265933,0.248451,0.232119,0.21686,0.202604,2.87933
1949,41.5867,39.1198,36.7945,34.611,32.538,30.5576,28.6655,26.8595,25.1387,23.5031,22.5394,20.9946,19.5578,18.2235,16.985,15.8349,14.7667,13.7739,12.8506,11.991,11.1906,10.445,9.75024,9.10258,8.49879,7.93575,7.41074,6.92119,6.46461,6.03865,5.64116,5.27022,4.92387,4.60042,4.29787,4.01566,3.75199,3.50562,3.27543,3.06034,2.85939,2.67164,2.49622,2.33232,2.17918,2.03609,1.90239,1.77746,1.66073,1.55165,1.44973,1.3545,1.26552,1.18237,1.10469,1.0321,0.964282,0.900915,0.84171,0.786393,0.73471,0.686422,0.641307,0.599156,0.559774,0.52298,0.488604,0.456487,0.426481,0.398447,0.372255,0.347785,0.324923,0.303564,0.283609,0.264965,0.247547,0.231274,0.216071,0.201867,2.86886
1950,41.3323,38.8529,36.5481,34.3753,32.3331,30.3895,28.5276,26.7467,25.0482,23.4331,21.9013,20.9984,19.5563,18.2161,16.9724,15.8184,14.7471,13.7522,12.8277,11.9679,11.1675,10.4222,9.72789,9.08094,8.47784,7.91558,7.39125,6.90233,6.44642,6.02121,5.62451,5.25432,4.90885,4.58626,4.28501,4.00322,3.74037,3.49479,3.26532,3.05091,2.85058,2.6634,2.48852,2.32513,2.17247,2.02983,1.89655,1.77201,1.65565,1.54691,1.44531,1.35038,1.26167,1.17879,1.10135,1.02898,0.961372,0.8982,0.839176,0.784028,0.732503,0.684361,0.639383,0.597359,0.558096,0.521414,0.487141,0.455121,0.425205,0.397255,0.371142,0.346745,0.323952,0.302657,0.282762,0.264174,0.246808,0.230583,0.215426,0.201264,2.8603
1951,41.1403,38.6151,36.2987,34.1451,32.1127,30.1973,28.3688,26.6151,24.9396,23.3454,21.833,20.4013,19.5575,18.2127,16.9637,15.805,14.7302,13.7325,12.8061,11.9452,11.1445,10.3993,9.70529,9.05883,8.45643,7.89484,7.37129,6.88305,6.42778,6.00324,5.60728,5.23787,4.89314,4.57142,4.27103,3.99049,3.72807,3.4833,3.2546,3.0409,2.84123,2.65467,2.48036,2.3175,2.16534,2.02317,1.89034,1.76622,1.65024,1.54187,1.44061,1.34599,1.25758,1.17497,1.09778,1.02566,0.958272,0.895307,0.836476,0.781509,0.730151,0.682166,0.637333,0.595445,0.556309,0.519745,0.485583,0.453666,0.423846,0.395986,0.369956,0.345638,0.322918,0.301691,0.281859,0.263331,0.24602,0.229848,0.214738,0.200622,2.85118
1952,41.0431,38.4357,36.0766,33.912,31.8969,29.9887,28.1831,26.4568,24.8033,23.2282,21.734,20.32,18.9839,18.1966,16.9441,15.7815,14.7032,13.7032,12.7751,11.9133,11.1125,10.3678,9.67464,9.0291,8.42778,7.86742,7.34503,6.858,6.40381,5.98028,5.58533,5.21697,4.8733,4.55259,4.25328,3.9738,3.7128,3.46866,3.24092,3.02814,2.82932,2.64355,2.46997,2.30779,2.15627,2.0147,1.88242,1.75883,1.64334,1.53544,1.43461,1.34039,1.25236,1.1701,1.09323,1.02142,0.954311,0.89161,0.833026,0.778287,0.727143,0.679358,0.634712,0.592998,0.554024,0.51761,0.483589,0.451804,0.422107,0.394362,0.36844,0.344221,0.321594,0.300454,0.280704,0.262252,0.245012,0.228906,0.213859,0.1998,2.83951
1953,41.0494,38.345,35.909,33.7045,31.6796,29.7888,27.9922,26.2897,24.6638,23.1105,21.6348,20.238,18.9182,17.6724,16.9384,15.772,14.6896,13.6858,12.755,11.8912,11.0891,10.3438,9.65075,9.00557,8.40476,7.84509,7.32354,6.83731,6.38398,5.96123,5.567,5.19937,4.85649,4.53658,4.23804,3.95943,3.69927,3.45631,3.22904,3.01704,2.81897,2.63389,2.46095,2.29936,2.14839,2.00733,1.87554,1.7524,1.63735,1.52984,1.42938,1.33552,1.24781,1.16586,1.08928,1.01773,0.950871,0.8884,0.83003,0.775492,0.724534,0.676923,0.632438,0.590875,0.552042,0.51576,0.481861,0.45019,0.4206,0.392954,0.367125,0.342993,0.320447,0.299383,0.279703,0.261317,0.244139,0.228091,0.213097,0.199089,2.8294
1954,41.1001,38.3509,35.8242,33.548,31.4863,29.5879,27.8101,26.1189,24.5178,22.9921,21.5378,20.1585,18.8546,17.6236,16.4623,15.7781,14.6914,13.6831,12.7481,11.8811,11.0765,10.3294,9.63523,8.98967,8.38873,7.82911,7.3078,6.822,6.36909,5.94684,5.55304,5.18582,4.84338,4.52398,4.22599,3.9479,3.68837,3.44602,3.2197,3.00799,2.81051,2.62599,2.45359,2.29249,2.14196,2.00133,1.86993,1.74716,1.63245,1.52527,1.42512,1.33154,1.2441,1.1624,1.08606,1.01472,0.948065,0.885784,0.82759,0.773215,0.72241,0.67494,0.630588,0.589148,0.55043,0.514255,0.480457,0.448879,0.419375,0.39181,0.366057,0.341996,0.319516,0.298513,0.278891,0.260558,0.24343,0.227428,0.212478,0.198511,2.82119
1955,41.1146,38.3982,35.8297,33.4687,31.3392,29.4041,27.6152,25.937,24.3424,22.8369,21.4065,20.0465,18.759,17.5435,16.3969,15.3158,14.679,13.6679,12.7298,11.8601,11.0536,10.3052,9.61027,8.96455,8.36404,7.80503,7.28444,6.79947,6.34752,5.92617,5.53333,5.16696,4.8253,4.50669,4.20952,3.93225,3.67351,3.43203,3.20654,2.99595,2.79896,2.61521,2.44352,2.2831,2.1332,1.99314,1.86227,1.74,1.62577,1.51903,1.41929,1.32611,1.23903,1.15767,1.08164,1.0106,0.944223,0.882199,0.824244,0.770093,0.719496,0.672221,0.62805,0.586778,0.548218,0.51219,0.478528,0.447078,0.417693,0.39024,0.36459,0.340626,0.318236,0.297318,0.277774,0.259515,0.242456,0.226519,0.211628,0.197717,2.80991
1956,41.0775,38.4117,35.8739,33.4739,31.2652,29.2667,27.4434,25.755,24.1734,22.6752,21.2649,19.9282,18.6593,17.4594,16.3271,15.2595,14.2532,13.6604,12.7194,11.8463,11.0369,10.2864,9.58992,8.94326,8.34235,7.78352,7.26331,6.77885,6.32755,5.90697,5.51486,5.14928,4.80834,4.4904,4.19391,3.91736,3.65934,3.41855,3.19383,2.98399,2.78802,2.6047,2.4337,2.27393,2.12464,1.98514,1.8548,1.73302,1.61924,1.51293,1.4136,1.32079,1.23407,1.15304,1.07732,1.00657,0.940463,0.878691,0.820971,0.767039,0.716646,0.669561,0.625567,0.584461,0.546054,0.51017,0.476642,0.445316,0.416049,0.388704,0.363156,0.339286,0.316985,0.296149,0.276683,0.258496,0.241504,0.225629,0.210797,0.196941,2.79889
1957,40.9533,38.3771,35.8865,33.5151,31.2696,29.196,27.3115,25.5891,23.9963,22.5091,21.1051,19.787,18.54,17.3578,16.2406,15.1868,14.1935,13.2572,12.7058,11.8305,11.0184,10.2656,9.56751,8.91969,8.31823,7.75933,7.23956,6.7557,6.30511,5.88535,5.49416,5.12946,4.78943,4.47232,4.1766,3.90083,3.64361,3.40362,3.17966,2.97064,2.77547,2.59319,2.42268,2.26364,2.11503,1.97617,1.84642,1.72519,1.61192,1.50609,1.40721,1.31482,1.22849,1.14783,1.07246,1.00204,0.936233,0.874744,0.817288,0.763602,0.713438,0.666567,0.622772,0.581852,0.543619,0.507896,0.474519,0.443334,0.414198,0.386976,0.361542,0.337779,0.315577,0.294834,0.275455,0.257349,0.240432,0.224628,0.209862,0.196067,2.78648
1958,40.8223,38.2611,35.8542,33.5269,31.3081,29.2,27.2453,25.4657,23.841,22.3434,20.9495,19.6373,18.4077,17.2458,16.1451,15.1053,14.1249,13.2009,12.33,11.8171,11.003,10.2478,9.54758,8.89834,8.29585,7.73647,7.21666,6.73325,6.28325,5.86417,5.47377,5.10995,4.77076,4.45451,4.15958,3.88454,3.62805,3.38882,3.16562,2.95732,2.76292,2.58139,2.41186,2.25328,2.10535,1.96714,1.83799,1.71731,1.60456,1.49921,1.40078,1.30881,1.22288,1.14259,1.06757,0.997474,0.931973,0.870769,0.813579,0.760141,0.710209,0.663553,0.619959,0.579226,0.541168,0.505608,0.472383,0.44134,0.412335,0.385236,0.359917,0.336262,0.31416,0.293511,0.274219,0.256194,0.239354,0.223621,0.208921,0.195188,2.774
1959,40.7058,38.1387,35.7458,33.4964,31.3163,29.2254,27.2256,25.3664,23.6772,22.1429,20.7364,19.4333,18.2105,17.067,15.988,14.9666,14.0022,13.0931,12.2364,11.4291,10.9536,10.199,9.49897,8.84997,8.24819,7.68974,7.17124,6.68943,6.24135,5.82423,5.43578,5.07391,4.73668,4.42227,4.12913,3.85574,3.6008,3.36305,3.14129,2.93439,2.74131,2.56111,2.39285,2.2357,2.0887,1.95158,1.82346,1.70374,1.59188,1.48736,1.38971,1.29847,1.21322,1.13357,1.05914,0.9896,0.924621,0.863904,0.80717,0.754157,0.704622,0.658337,0.615089,0.574679,0.536921,0.501642,0.468679,0.437881,0.409105,0.382219,0.3571,0.33363,0.311702,0.291215,0.272074,0.254191,0.237482,0.221872,0.207288,0.193662,2.75233
1960,40.5838,38.0299,35.6314,33.3953,31.2895,29.2393,27.2631,25.3701,23.6135,22.0235,20.5849,19.2703,18.0553,16.9169,15.8534,14.8504,13.9013,13.0053,12.1608,11.365,10.6152,10.1736,9.47272,8.82252,8.21974,7.66082,7.14214,6.66058,6.21308,5.79691,5.4095,5.04871,4.71261,4.39939,4.10738,3.83511,3.58119,3.3444,3.12358,2.91762,2.72545,2.54612,2.37875,2.22247,2.07651,1.93998,1.81262,1.69362,1.58243,1.47854,1.38146,1.29076,1.20601,1.12683,1.05285,0.983728,0.919139,0.858786,0.802393,0.749698,0.70046,0.654452,0.611462,0.571293,0.533761,0.498691,0.465924,0.435309,0.406703,0.379976,0.355005,0.331673,0.309875,0.289508,0.27048,0.252702,0.236092,0.220573,0.206075,0.192529,2.73623
1961,40.4151,37.9159,35.5298,33.2886,31.1959,29.2172,27.2828,25.416,23.6312,21.9805,20.4909,19.1467,17.9207,16.7889,15.7293,14.7399,13.807,12.9243,12.0912,11.306,10.5662,9.86905,9.45845,8.80684,8.20235,7.64194,7.12231,6.6401,6.19238,5.77634,5.38943,5.02925,4.69383,4.38136,4.09015,3.81866,3.56553,3.32947,3.10932,2.90402,2.71254,2.53388,2.36715,2.21155,2.06625,1.93055,1.80362,1.68521,1.57458,1.4712,1.37461,1.28436,1.20003,1.12124,1.04763,0.978848,0.914581,0.854532,0.798422,0.745992,0.697001,0.651224,0.60845,0.568482,0.531137,0.496242,0.463638,0.433174,0.404711,0.378116,0.353268,0.330051,0.30836,0.288094,0.269159,0.251468,0.234939,0.219497,0.205069,0.19159,2.7229
1962,40.1562,37.7582,35.4233,33.1937,31.0973,29.134,27.2716,25.4492,23.6932,22.0187,20.4737,19.0822,17.828,16.685,15.6305,14.6436,13.7222,12.8536,12.0318,11.2562,10.5252,9.83644,9.18745,8.80521,8.1986,7.63586,7.11416,6.63042,6.18151,5.76472,5.37741,5.01722,4.68192,4.36966,4.07877,3.80768,3.55494,3.31929,3.09953,2.89459,2.70347,2.52521,2.35889,2.20367,2.05882,1.92355,1.79723,1.67906,1.56883,1.46584,1.3696,1.27968,1.19566,1.11716,1.04381,0.975279,0.911248,0.85142,0.795517,0.743282,0.694473,0.648866,0.60625,0.56643,0.529222,0.494456,0.461972,0.431619,0.403259,0.376761,0.352003,0.328871,0.307258,0.287064,0.268198,0.25057,0.234101,0.218714,0.204338,0.190907,2.71321
1963,39.7568,37.5163,35.276,33.0942,31.0083,29.0403,27.1905,25.4333,23.7172,22.0685,20.501,19.0578,17.7598,16.5909,15.5264,14.5447,13.6261,12.7686,11.9602,11.1955,10.4738,9.79357,9.15267,8.54879,8.19312,7.62869,7.10506,6.61963,6.16952,5.75181,5.364,5.00361,4.66846,4.35647,4.06592,3.79525,3.543,3.30783,3.08857,2.88408,2.69338,2.51555,2.34968,2.19492,2.05049,1.91571,1.78984,1.6723,1.56235,1.45978,1.36395,1.2744,1.19073,1.11255,1.0395,0.971253,0.907487,0.847907,0.792237,0.740221,0.691616,0.6462,0.603763,0.56411,0.527057,0.492436,0.460086,0.42986,0.401617,0.375228,0.350572,0.327535,0.306011,0.2859,0.267111,0.249555,0.233153,0.217829,0.203511,0.190135,2.70225
1964,39.1653,37.1432,35.05,32.9564,30.9136,28.9508,27.0887,25.3345,23.6721,22.0564,20.5112,19.0471,17.7021,16.494,15.4072,14.4179,13.5058,12.6526,11.8562,11.1056,10.3955,9.72532,9.09374,8.49865,7.93793,7.60768,7.08359,6.59739,6.14665,5.72871,5.34086,4.98075,4.64612,4.33492,4.04522,3.77543,3.5241,3.28988,3.07151,2.86791,2.67803,2.50096,2.33583,2.18181,2.03811,1.90401,1.77885,1.66198,1.55283,1.45073,1.35549,1.26651,1.18336,1.10566,1.03307,0.965241,0.901868,0.842657,0.787333,0.735641,0.68734,0.642208,0.600037,0.560631,0.52381,0.489405,0.457257,0.427218,0.399151,0.372926,0.348423,0.325528,0.304136,0.28415,0.265476,0.248029,0.231727,0.216497,0.202267,0.188973,2.68576
1965,38.348,36.5906,34.7014,32.7453,30.7858,28.8658,27.0128,25.252,23.5962,22.0328,20.5193,19.0759,17.7109,16.4583,15.334,14.323,13.403,12.555,11.7617,11.0214,10.3236,9.66346,9.04048,8.45337,7.90019,7.37896,7.07198,6.58479,6.13283,5.71383,5.32532,4.96478,4.63004,4.31898,4.02969,3.76039,3.5096,3.27596,3.05823,2.85524,2.66598,2.48947,2.32487,2.17137,2.02819,1.89461,1.76994,1.6536,1.54496,1.4435,1.34859,1.26005,1.17733,1.10004,1.02781,0.96033,0.897278,0.838367,0.783325,0.731897,0.683844,0.638945,0.59699,0.557788,0.521157,0.486929,0.454946,0.425062,0.397138,0.371047,0.346668,0.32389,0.302607,0.282722,0.264143,0.246784,0.230565,0.215411,0.201254,0.188026,2.67232
1966,37.2833,35.8271,34.1851,32.4193,30.5856,28.7353,26.9084,25.1409,23.4667,21.9021,20.4341,19.0201,17.6762,16.408,15.2457,14.2033,13.2663,12.4138,11.6282,10.8934,10.2077,9.56141,8.95005,8.37308,7.82933,7.317,6.83426,6.54996,6.09875,5.68016,5.2921,4.93227,4.59835,4.28832,4.00022,3.73229,3.48287,3.25058,3.0342,2.83254,2.64453,2.46923,2.30575,2.1533,2.01112,1.87852,1.75479,1.63933,1.53157,1.43095,1.33697,1.24907,1.16707,1.09045,1.01886,0.951965,0.889462,0.831063,0.7765,0.72552,0.677887,0.63338,0.591794,0.552936,0.516626,0.482698,0.450996,0.421373,0.393694,0.367831,0.343666,0.321086,0.299989,0.280277,0.261859,0.244651,0.228572,0.21355,0.199515,0.186402,2.64927
1967,36.0722,34.8323,33.4718,31.9369,30.2802,28.545,26.7788,25.031,23.3471,21.7634,20.2936,18.922,17.6062,16.3585,15.1828,14.1062,13.141,12.2737,11.4849,10.7579,10.0781,9.44367,8.84573,8.28012,7.74633,7.24329,6.76931,6.32271,6.05969,5.64225,5.255,4.89599,4.5631,4.25417,3.96735,3.70081,3.45294,3.22218,3.00729,2.8071,2.62053,2.44659,2.28442,2.13318,1.99213,1.8606,1.73792,1.62345,1.51663,1.41694,1.32385,1.23691,1.15558,1.07972,1.00883,0.942603,0.880715,0.82289,0.768862,0.718383,0.671218,0.62715,0.585975,0.547501,0.511551,0.477959,0.446571,0.417241,0.389836,0.364228,0.340301,0.317944,0.297054,0.277536,0.259299,0.24226,0.22634,0.211465,0.197567,0.184583,2.62344
1968,34.9,33.7009,32.5425,31.2703,29.8285,28.2559,26.5923,24.8956,23.2257,21.6304,20.1419,18.7686,17.4927,16.272,15.1166,14.0289,13.0333,12.1412,11.3397,10.6108,9.93908,9.31096,8.72482,8.1724,7.64985,7.1567,6.69196,6.25407,5.84147,5.59848,5.21282,4.85505,4.52337,4.21582,3.93041,3.66541,3.41916,3.19015,2.97697,2.77843,2.59347,2.42111,2.2604,2.11057,1.97084,1.84053,1.71901,1.60566,1.49991,1.40122,1.30911,1.2231,1.14278,1.06764,0.997551,0.932064,0.870872,0.813694,0.760269,0.710353,0.663715,0.620139,0.579425,0.541383,0.505837,0.472623,0.441587,0.412587,0.38549,0.36017,0.336511,0.314405,0.293749,0.274449,0.256416,0.239567,0.223824,0.209116,0.195373,0.182533,2.59433
1969,33.9635,32.6057,31.4854,30.4021,29.2057,27.8333,26.3204,24.7181,23.0948,21.512,20.0125,18.6221,17.3449,16.1615,15.0313,13.9627,12.9572,12.0374,11.2132,10.4728,9.79953,9.17918,8.59907,8.05774,7.54757,7.06498,6.60954,6.18034,5.77594,5.39489,5.17047,4.81431,4.48389,4.17757,3.89353,3.62995,3.38521,3.15779,2.94629,2.7494,2.56604,2.39522,2.23603,2.08762,1.94924,1.82019,1.69984,1.58761,1.48292,1.38526,1.29411,1.20904,1.12961,1.05542,0.98603,0.921299,0.860817,0.804302,0.751495,0.702155,0.656054,0.612981,0.572736,0.535134,0.5,0.467171,0.436496,0.407833,0.38105,0.356023,0.332639,0.310788,0.290372,0.271295,0.25347,0.236816,0.221255,0.206715,0.193131,0.180439,2.5646
1970,33.3733,31.7308,30.4622,29.4144,28.3938,27.248,25.9173,24.4501,22.9103,21.3684,19.8797,18.4796,17.1875,16.004,14.9094,13.8654,12.8788,11.951,11.1023,10.3419,9.65898,9.03797,8.46579,7.93074,7.43147,6.96093,6.51585,6.0958,5.69996,5.32698,4.97555,4.76858,4.4401,4.13536,3.85285,3.59089,3.34779,3.12208,2.91233,2.71727,2.53569,2.36658,2.20904,2.06222,1.92535,1.79772,1.6787,1.56771,1.4642,1.36766,1.27758,1.19352,1.11506,1.0418,0.973386,0.909386,0.849686,0.793905,0.741784,0.693081,0.647576,0.605058,0.565333,0.528217,0.493538,0.461135,0.430858,0.402567,0.376132,0.35143,0.328349,0.306783,0.286631,0.267801,0.250207,0.233768,0.218408,0.204057,0.190647,0.178119,2.53167
1971,33.1328,31.1794,29.6448,28.4581,27.4678,26.4765,25.3403,24.0235,22.5937,21.1198,19.6655,18.2758,16.9773,15.7839,14.6935,13.6867,12.7271,11.8209,10.9689,10.1897,9.49173,8.86486,8.29485,7.76968,7.2786,6.82037,6.38851,5.98002,5.59451,5.23121,4.88891,4.56637,4.37642,4.07495,3.79528,3.536,3.29558,3.07247,2.86532,2.67283,2.49381,2.32715,2.17195,2.02737,1.89263,1.76701,1.64988,1.54065,1.43878,1.34379,1.25518,1.17251,1.09536,1.02336,0.956126,0.893335,0.834598,0.779808,0.728615,0.68078,0.636083,0.594319,0.555298,0.51884,0.484777,0.452949,0.423211,0.395424,0.36946,0.345199,0.322529,0.301346,0.281553,0.263058,0.245777,0.22963,0.214543,0.200446,0.187275,0.174969,2.48693
1972,33.1957,30.9547,29.1296,27.6946,26.576,25.6178,24.6338,23.5067,22.2231,20.855,19.4652,18.1071,16.8175,15.617,14.5161,13.5115,12.5847,11.7018,10.8683,10.0847,9.36822,8.72644,8.15006,7.62598,7.14314,6.69164,6.27035,5.87332,5.49776,5.14334,4.80934,4.49464,4.19811,4.02348,3.74632,3.4892,3.25083,3.0298,2.82468,2.63424,2.45727,2.29269,2.13947,1.99679,1.86387,1.73999,1.6245,1.51682,1.4164,1.32275,1.23541,1.15395,1.07795,1.00702,0.940828,0.879016,0.821289,0.767289,0.716918,0.669853,0.625876,0.584784,0.546389,0.510515,0.476997,0.44568,0.41642,0.38908,0.363534,0.339664,0.317359,0.296517,0.277043,0.258846,0.241843,0.225956,0.211111,0.19724,0.184281,0.172172,2.44723
1973,33.3922,31.0134,28.9197,27.2128,25.8579,24.7665,23.7898,22.7771,21.6468,20.4,19.1021,17.8038,16.5472,15.3606,14.2596,13.2518,12.3334,11.4865,10.6802,9.91915,9.20387,8.54984,7.96406,7.43799,6.95967,6.51899,6.10693,5.72245,5.3601,5.01735,4.6939,4.38908,4.10187,3.83126,3.67188,3.41895,3.18429,2.96675,2.76504,2.57785,2.40404,2.24254,2.09234,1.95251,1.8223,1.70099,1.58794,1.48254,1.38427,1.29262,1.20716,1.12745,1.05311,0.983751,0.919022,0.858612,0.802201,0.749519,0.700238,0.654268,0.611317,0.571182,0.533681,0.498641,0.465902,0.435313,0.406734,0.38003,0.355079,0.331766,0.309981,0.289626,0.270606,0.252833,0.236226,0.220709,0.20621,0.192662,0.180004,0.168177,2.3905
1974,33.5263,31.197,28.9746,27.0165,25.4064,24.0909,22.9846,21.9726,20.9429,19.8339,18.6461,17.4324,16.2319,15.0775,13.9913,12.9858,12.0665,11.2293,10.4578,9.72337,9.03032,8.37901,7.78352,7.2502,6.77125,6.33578,5.9346,5.55946,5.20944,4.87957,4.56754,4.27309,3.99559,3.73413,3.48778,3.34269,3.11243,2.89881,2.70077,2.51714,2.34673,2.18851,2.04149,1.90475,1.77746,1.65892,1.54849,1.44557,1.34962,1.26017,1.17673,1.09893,1.02637,0.958697,0.895554,0.836628,0.781634,0.730281,0.682322,0.637459,0.595611,0.55651,0.519974,0.485834,0.453936,0.424132,0.396286,0.370268,0.345959,0.323245,0.302021,0.28219,0.26366,0.246345,0.230165,0.215048,0.200922,0.187722,0.17539,0.163866,2.32928
1975,33.5158,31.3223,29.1461,27.0675,25.2208,23.6614,22.3375,21.1961,20.1598,19.1387,18.0753,16.9626,15.8411,14.7405,13.6867,12.6977,11.7834,10.9483,10.1881,9.48775,8.82127,8.19239,7.60144,7.06116,6.57729,6.14277,5.74771,5.38375,5.04343,4.72588,4.42663,4.14356,3.87644,3.6247,3.38751,3.16402,3.0324,2.82351,2.62972,2.45007,2.28348,2.12889,1.98536,1.85198,1.72794,1.61246,1.50493,1.40475,1.31138,1.22434,1.14319,1.0675,0.996918,0.931096,0.869703,0.812422,0.758966,0.709076,0.66249,0.618983,0.578285,0.540321,0.50485,0.471705,0.440735,0.411798,0.384761,0.359499,0.335897,0.313844,0.293239,0.273985,0.255995,0.239185,0.223477,0.2088,0.195085,0.18227,0.170296,0.159108,2.26171
1976,33.7618,31.3125,29.2631,27.2277,25.2679,23.4867,21.9351,20.5927,19.4386,18.413,17.4311,16.4325,15.4036,14.3755,13.3712,12.4123,11.5137,10.6837,9.92595,9.23642,8.60127,7.99694,7.42674,6.89096,6.40115,5.96248,5.56856,5.21042,4.88047,4.57196,4.28409,4.01281,3.75621,3.51405,3.28584,3.07083,2.86823,2.74891,2.55955,2.38388,2.22102,2.07001,1.92987,1.79975,1.67884,1.5664,1.46172,1.36424,1.27342,1.18879,1.10988,1.03631,0.967702,0.903718,0.844051,0.788396,0.73647,0.688012,0.642786,0.600556,0.561116,0.524222,0.489808,0.457653,0.427607,0.399532,0.3733,0.34879,0.325891,0.304495,0.284504,0.265825,0.248371,0.232063,0.216824,0.202585,0.189279,0.176847,0.16523,0.154376,2.1945
1977,35.0438,31.5423,29.254,27.3366,25.4138,23.5173,21.7437,20.1747,18.8242,17.6843,16.6956,15.7715,14.8484,13.9076,12.9731,12.0634,11.1963,10.3846,9.63537,8.95158,8.32951,7.75657,7.2115,6.69724,6.21405,5.77232,5.37673,5.0215,4.69853,4.40099,4.12278,3.8632,3.61856,3.38717,3.1688,2.96301,2.76912,2.58643,2.47883,2.30808,2.14966,2.0028,1.86663,1.74026,1.62293,1.5139,1.4125,1.3181,1.2302,1.14831,1.07199,1.00083,0.934494,0.872624,0.814927,0.761122,0.710935,0.664111,0.620414,0.579632,0.54155,0.505985,0.472717,0.441684,0.412688,0.385594,0.360278,0.336623,0.314521,0.293871,0.274578,0.256551,0.239707,0.223968,0.209262,0.195521,0.18268,0.170683,0.159472,0.148996,2.1181
1978,33.7301,32.74,29.4686,27.3278,25.5132,23.6446,21.7533,19.9691,18.4042,17.0824,15.9897,15.0604,14.2062,13.3631,12.5099,11.6657,10.8456,10.0648,9.33452,8.66062,8.04576,7.48648,6.97143,6.48146,6.01923,5.58492,5.1879,4.83235,4.51307,4.22279,3.95537,3.70533,3.47203,3.25216,3.04419,2.84793,2.66298,2.48872,2.32453,2.22783,2.07436,1.93199,1.8,1.67762,1.56404,1.45859,1.3606,1.26947,1.18463,1.10563,1.03203,0.963438,0.89949,0.839868,0.784263,0.732408,0.684051,0.638946,0.596864,0.557591,0.520938,0.486713,0.45475,0.42485,0.396959,0.370899,0.346549,0.323796,0.302536,0.282673,0.264114,0.246774,0.230573,0.215434,0.201289,0.188072,0.175722,0.164182,0.153399,0.143324,2.03753
1979,37.8321,31.5127,30.5876,27.5283,25.5048,23.7365,21.8699,19.9759,18.2138,16.6977,15.4415,14.4193,13.5613,12.7807,12.0158,11.245,10.4842,9.74599,9.04379,8.3872,7.7815,7.22895,6.7264,6.26361,5.82339,5.40808,5.01789,4.66118,4.34173,4.05488,3.79408,3.55382,3.32917,3.11955,2.92201,2.73516,2.55883,2.39266,2.23609,2.08857,2.00168,1.8638,1.73588,1.61729,1.50732,1.40528,1.31053,1.22249,1.14061,1.06439,0.993401,0.927272,0.865644,0.808187,0.754617,0.704656,0.658065,0.614616,0.57409,0.536279,0.500993,0.468061,0.437309,0.40859,0.381725,0.356666,0.333251,0.311373,0.290929,0.271828,0.25398,0.237305,0.221725,0.207168,0.193567,0.180858,0.168982,0.157886,0.147517,0.137829,1.95949
1980,44.0283,35.345,29.4409,28.5732,25.6892,23.7183,21.9318,20.0467,18.1745,16.475,15.0427,13.8748,12.9356,12.1541,11.4479,10.759,10.0667,9.38431,8.72287,8.09396,7.50607,6.96385,6.46925,6.01945,5.60526,5.21128,4.83961,4.49041,4.17119,3.88532,3.62861,3.39522,3.18022,2.97918,2.7916,2.61483,2.44762,2.28982,2.14112,2.00101,1.869,1.79125,1.66785,1.55338,1.44726,1.34886,1.25754,1.17276,1.09397,1.0207,0.952487,0.888964,0.829787,0.774638,0.723222,0.675283,0.630575,0.588882,0.550001,0.513736,0.4799,0.448323,0.418853,0.391335,0.365635,0.341594,0.319169,0.298216,0.278638,0.260344,0.24325,0.227279,0.212357,0.198415,0.185389,0.173217,0.161844,0.151217,0.141287,0.132008,1.87682
1981,52.649,41.1339,33.0213,27.5017,26.6606,23.8762,21.8851,20.0565,18.1796,16.3743,14.7759,13.452,12.3852,11.5342,10.8304,10.1971,9.58118,8.96338,8.35503,7.76568,7.20551,6.68198,6.19917,5.75882,5.35836,4.98963,4.63889,4.30803,3.99718,3.71301,3.45853,3.23002,3.02227,2.83088,2.65192,2.48495,2.32759,2.17875,2.03829,1.90592,1.7812,1.66369,1.59448,1.48464,1.38274,1.28828,1.20069,1.1194,1.04393,0.973795,0.908572,0.847855,0.79131,0.738634,0.689543,0.643775,0.601102,0.561305,0.524192,0.489583,0.457301,0.427182,0.399074,0.372841,0.348346,0.325469,0.30407,0.284108,0.265457,0.248029,0.231744,0.216529,0.202312,0.189029,0.176619,0.165023,0.154189,0.144065,0.134606,0.125766,1.78816
1982,64.7944,49.1879,38.4297,30.8491,25.6827,24.8649,22.2143,20.3011,18.553,16.7802,15.091,13.6046,12.3781,11.3924,10.6073,9.95873,9.37567,8.80895,8.2407,7.68124,7.13933,6.62428,6.14295,5.69906,5.29422,4.92606,4.58707,4.26462,3.96045,3.67468,3.41343,3.17949,2.96941,2.77842,2.60247,2.43795,2.28445,2.13979,2.00296,1.87383,1.75214,1.63748,1.52945,1.46583,1.36485,1.27118,1.18433,1.10381,1.02908,0.959699,0.895224,0.835264,0.779446,0.727463,0.679037,0.633907,0.591832,0.552603,0.516016,0.481898,0.450081,0.420404,0.392715,0.366875,0.342759,0.32024,0.299209,0.279536,0.261185,0.244038,0.228017,0.213046,0.199058,0.185989,0.173778,0.162369,0.151708,0.141748,0.132441,0.123745,1.7595
1983,70.4946,60.5348,45.9543,35.9016,28.8082,23.9512,23.1303,20.6005,18.7717,17.1163,15.4565,13.8864,12.5109,11.3787,10.4702,9.74737,9.15059,8.61441,8.09345,7.57119,7.0571,6.55916,6.08593,5.64369,5.23586,4.86391,4.52567,4.21423,3.91799,3.63854,3.37599,3.13598,2.92105,2.72805,2.55258,2.39093,2.23979,2.09876,1.96586,1.84015,1.72151,1.60971,1.50438,1.40513,1.34668,1.25391,1.16785,1.08806,1.01408,0.945431,0.881689,0.822455,0.767369,0.716088,0.668331,0.623841,0.58238,0.543724,0.507684,0.474072,0.442726,0.413495,0.386231,0.360793,0.337053,0.314897,0.294209,0.274887,0.256813,0.239954,0.224201,0.209482,0.195728,0.182877,0.17087,0.159652,0.14917,0.139377,0.130226,0.121676,1.73016
1984,65.7004,65.8603,56.5546,42.9157,33.4152,26.5072,21.5735,20.2936,17.6345,15.763,14.1825,12.6975,11.3474,10.1908,9.25088,8.50247,7.90999,7.42251,6.98571,6.56211,6.13798,5.72076,5.31684,4.93306,4.57447,4.24383,3.9423,3.66811,3.41565,3.17553,2.94902,2.73621,2.54168,2.36747,2.21104,2.06883,1.93781,1.81531,1.70101,1.59329,1.4914,1.39525,1.30464,1.21927,1.13883,1.09145,1.01627,0.946515,0.881852,0.821893,0.76625,0.714589,0.666581,0.621935,0.580373,0.541667,0.505609,0.472005,0.440676,0.411466,0.384224,0.358819,0.335128,0.313031,0.292414,0.273174,0.255217,0.238449,0.22279,0.208141,0.194477,0.18171,0.16978,0.158633,0.148218,0.138486,0.129394,0.120899,0.112962,0.105545,1.50087
1985,63.5991,61.3813,61.5302,52.8277,40.0396,31.0537,24.4547,19.7203,18.3839,15.8562,14.0949,12.6327,11.2811,10.0652,9.03038,8.19306,7.52834,7.00332,6.57212,6.1862,5.81213,5.43756,5.06901,4.71207,4.37281,4.0557,3.76321,3.49638,3.25368,3.03014,2.81745,2.61676,2.42816,2.25572,2.10128,1.96257,1.83644,1.72023,1.61156,1.51015,1.41457,1.32416,1.23883,1.1584,1.08262,1.01122,0.969168,0.90242,0.840495,0.783084,0.729848,0.680443,0.634572,0.591945,0.552301,0.515395,0.481025,0.449006,0.419166,0.391345,0.365406,0.341214,0.318654,0.297616,0.277992,0.259683,0.242597,0.226651,0.21176,0.197853,0.184845,0.17271,0.161372,0.150778,0.140878,0.131629,0.122987,0.114912,0.107368,0.100319,1.42662
1986,52.5376,59.4182,57.3459,57.4772,49.2914,37.2134,28.6526,22.3624,17.8822,16.5613,14.2193,12.6028,11.275,10.0577,8.96782,8.04266,7.29519,6.70234,6.23434,5.85015,5.50641,5.17331,4.83982,4.51173,4.194,3.89201,3.60975,3.34941,3.11191,2.89589,2.69693,2.50763,2.329,2.16114,2.00766,1.8702,1.74674,1.63449,1.53106,1.43434,1.34408,1.25901,1.17854,1.10259,1.03101,0.963566,0.900012,0.862587,0.803179,0.748064,0.696966,0.649585,0.605613,0.564787,0.526847,0.491563,0.458716,0.428125,0.399627,0.373069,0.348308,0.325221,0.30369,0.283611,0.264886,0.247421,0.231125,0.215918,0.201725,0.188472,0.176095,0.164517,0.153717,0.143625,0.134196,0.125386,0.117153,0.109461,0.102275,0.0955601,1.35902
1987,40.7669,49.0838,55.5118,53.5677,53.6224,45.7875,34.292,26.1432,20.2154,16.0484,14.7882,12.6557,11.1944,10.0028,8.91633,7.94667,7.12499,6.46178,5.93607,5.52125,5.18081,4.87629,4.58124,4.28589,3.99533,3.71396,3.44653,3.19659,2.96604,2.75573,2.56444,2.38825,2.22062,2.06244,1.9138,1.77789,1.65616,1.54683,1.44742,1.35583,1.27018,1.19025,1.11492,1.04366,0.976404,0.913018,0.853291,0.797012,0.76387,0.71126,0.662453,0.617203,0.575245,0.536305,0.500151,0.466553,0.435307,0.406219,0.37913,0.353893,0.330374,0.308447,0.288002,0.268935,0.251154,0.234572,0.219106,0.204675,0.191208,0.178639,0.166903,0.155942,0.145689,0.136125,0.127189,0.118839,0.111036,0.103746,0.0969344,0.0905702,1.28811
1988,36.7512,38.0869,45.8569,51.859,50.0159,49.9754,42.5286,31.7176,24.0851,18.5662,14.7071,13.533,11.5713,10.2297,9.13788,8.14381,7.25734,6.50652,5.90067,5.42051,5.04169,4.73081,4.45275,4.18335,3.91368,3.64838,3.39146,3.14728,2.91905,2.70854,2.5165,2.34182,2.18094,2.02787,1.88343,1.74769,1.62358,1.51242,1.41258,1.32181,1.23817,1.15995,1.08696,1.01817,0.953089,0.891671,0.833786,0.779243,0.727848,0.697582,0.649539,0.604967,0.563644,0.525326,0.489767,0.45675,0.426068,0.397533,0.370969,0.34623,0.323184,0.301706,0.281681,0.263011,0.245598,0.22936,0.214217,0.200093,0.186914,0.174616,0.163138,0.15242,0.14241,0.133047,0.124313,0.116152,0.108526,0.101401,0.0947434,0.0885229,1.25905
1989,40.3712,34.3352,35.583,42.8412,48.4392,46.6875,46.5937,39.5913,29.4845,22.3634,17.2244,13.6365,12.5432,10.7225,9.47805,8.46578,7.54451,6.72317,6.02761,5.4664,5.02165,4.67078,4.38285,4.12532,3.8758,3.62601,3.38026,3.14227,2.91607,2.70464,2.50962,2.3317,2.16987,2.02082,1.879,1.74517,1.61941,1.50441,1.40142,1.30892,1.22481,1.14731,1.07483,1.0072,0.943459,0.883158,0.826247,0.772611,0.722071,0.674447,0.646402,0.601884,0.560583,0.522292,0.486786,0.453835,0.423241,0.39481,0.368369,0.343754,0.32083,0.299474,0.279572,0.261017,0.243716,0.227581,0.212534,0.198502,0.185414,0.173202,0.161806,0.15117,0.141238,0.131963,0.123287,0.115193,0.107631,0.100565,0.0939622,0.087793,1.24871
1990,49.5661,37.7172,32.0779,33.2392,39.9786,45.0497,43.1482,42.7232,36.0273,26.6649,20.1336,15.4595,12.2147,11.2214,9.58532,8.46922,7.56308,6.73953,6.00589,5.38487,4.88396,4.48709,4.17405,3.9172,3.68745,3.46478,3.2418,3.02237,2.80981,2.60774,2.41883,2.24455,2.08555,1.9409,1.80765,1.68086,1.5612,1.44873,1.3459,1.25378,1.17105,1.09582,1.0265,0.961672,0.901173,0.844149,0.790204,0.73929,0.691304,0.646087,0.603478,0.578388,0.538557,0.501603,0.467343,0.435573,0.40609,0.378716,0.353276,0.329618,0.307593,0.287081,0.267972,0.250163,0.23356,0.218079,0.203642,0.190178,0.177622,0.16591,0.154983,0.144786,0.135269,0.126382,0.118082,0.110319,0.103076,0.0963098,0.0899869,0.0840788,1.19593
1991,49.6449,46.3076,35.2376,29.9666,31.0329,37.251,41.8218,39.8715,39.3019,33.0207,24.3736,18.3695,14.0877,11.1224,10.2132,8.72185,7.70532,6.88064,6.13149,5.4643,4.89962,4.44419,4.08339,3.79882,3.56534,3.35647,3.15401,2.95122,2.75161,2.55823,2.37436,2.20245,2.04385,1.89912,1.76745,1.64616,1.53073,1.42179,1.31939,1.22576,1.14188,1.06655,0.998042,0.934917,0.87588,0.820785,0.768853,0.719725,0.673355,0.629652,0.58847,0.549663,0.526812,0.490534,0.456876,0.425672,0.396736,0.369883,0.344949,0.321779,0.30023,0.280169,0.261486,0.244081,0.22786,0.212737,0.198637,0.185487,0.173223,0.161786,0.151119,0.141166,0.131878,0.12321,0.115115,0.107555,0.100484,0.0938871,0.0877237,0.0819645,1.16589
1992,44.8866,46.3813,43.2597,32.8869,27.824,28.3845,33.1319,35.8062,32.7365,31.0145,25.1935,18.1116,13.3903,10.1373,7.94084,7.26283,6.1953,5.47789,4.90221,4.3815,3.91814,3.52598,3.20988,2.95972,2.76271,2.60106,2.45579,2.31379,2.17025,2.02788,1.88906,1.75638,1.63178,1.5164,1.41078,1.31443,1.22544,1.14051,1.06016,0.984482,0.91517,0.853007,0.79711,0.746223,0.699284,0.655341,0.614296,0.575576,0.538918,0.504297,0.471649,0.440869,0.411852,0.394777,0.36763,0.342438,0.319076,0.297408,0.277295,0.258617,0.241258,0.225111,0.210077,0.196075,0.183029,0.17087,0.159534,0.148963,0.139103,0.129909,0.121333,0.113335,0.105872,0.0989067,0.0924061,0.0863359,0.0806667,0.0753634,0.0704163,0.0657939,0.935917
1993,162.429,41.9358,43.3314,40.4025,30.6452,25.7358,25.895,29.7025,31.5533,28.4378,26.6536,21.4883,15.3702,11.3271,8.55868,6.69714,6.12238,5.22201,4.61803,4.13399,3.69635,3.30691,2.97727,2.71158,2.50133,2.33578,2.19993,2.07778,1.95825,1.83728,1.7172,1.60002,1.48794,1.38264,1.28508,1.19575,1.11423,1.03891,0.967005,0.89896,0.834858,0.776135,0.723461,0.67609,0.63296,0.593171,0.555917,0.521116,0.488284,0.457198,0.427836,0.400146,0.374039,0.349426,0.334944,0.311916,0.290544,0.270725,0.252342,0.235279,0.219433,0.204705,0.191005,0.17825,0.16637,0.155301,0.144985,0.135366,0.126396,0.118031,0.110229,0.102953,0.0961665,0.089834,0.0839242,0.0784084,0.0732578,0.0684474,0.0639475,0.0597498,0.849974
1994,197.33,151.751,39.178,40.4576,37.5445,28.0284,22.8535,22.1635,24.5432,25.346,22.3841,20.6961,16.5404,11.7672,8.64372,6.51893,5.096,4.65663,3.97145,3.51255,3.14515,2.81308,2.51757,2.26742,2.06578,1.90623,1.78062,1.67754,1.58481,1.494,1.40201,1.31063,1.2214,1.13602,1.05577,0.981401,0.913282,0.851101,0.793636,0.738762,0.686825,0.637887,0.59305,0.552828,0.516651,0.483709,0.453317,0.424859,0.398272,0.373188,0.349436,0.327001,0.305842,0.285891,0.267082,0.256015,0.238415,0.222082,0.206934,0.192884,0.179842,0.167731,0.156473,0.146002,0.136253,0.127172,0.118712,0.110826,0.103473,0.0966176,0.0902232,0.0842596,0.078698,0.0735101,0.0686696,0.0641522,0.0599359,0.0559988,0.0523217,0.0488819,0.695401
1995,35.3842,184.358,141.769,36.5823,37.6699,34.664,25.4748,20.3363,19.2759,20.8948,21.1953,18.4607,16.8986,13.4152,9.5051,6.96761,5.25157,4.10686,3.75674,3.20869,2.84274,2.54999,2.28488,2.04844,1.84799,1.68628,1.55829,1.45753,1.37481,1.30022,1.22691,1.15238,1.07811,1.00542,0.935721,0.870101,0.809205,0.753367,0.702345,0.655148,0.610034,0.567298,0.527002,0.490062,0.456908,0.427078,0.399905,0.374826,0.351334,0.329381,0.308663,0.28904,0.270501,0.253013,0.236521,0.22097,0.211823,0.197268,0.183759,0.17123,0.159608,0.14882,0.1388,0.129486,0.120823,0.112757,0.105243,0.0982423,0.0917173,0.0856331,0.0799598,0.0746683,0.0697333,0.0651308,0.0608376,0.0568317,0.0530932,0.0496039,0.0463456,0.0433025,0.615986
1996,28.4289,33.0581,172.234,132.408,34.1078,34.9379,31.8372,23.0962,18.1871,17.0261,18.2695,18.3898,15.9296,14.5286,11.5083,8.14469,5.96815,4.49897,3.52008,3.2223,2.75453,2.44256,2.19299,1.96671,1.76467,1.59323,1.45487,1.34533,1.25909,1.18827,1.12436,1.06143,0.997341,0.933393,0.870728,0.810591,0.753932,0.701319,0.653052,0.608928,0.568094,0.529046,0.492042,0.457139,0.425135,0.396406,0.370552,0.346998,0.325255,0.304886,0.285847,0.267877,0.250856,0.234773,0.2196,0.205291,0.191797,0.183861,0.17123,0.159507,0.148633,0.138547,0.129183,0.120486,0.112403,0.104883,0.0978811,0.0913593,0.0852825,0.0796185,0.0743372,0.0694125,0.0648192,0.0605352,0.0565399,0.0528131,0.0493357,0.0460904,0.0430614,0.0402329,0.572333
1997,32.3604,26.56,30.884,160.857,123.447,31.6366,32.0979,28.8737,20.6545,16.0522,14.8624,15.8115,15.8172,13.6442,12.4129,9.81973,6.94703,5.0918,3.84091,3.00798,2.75646,2.35897,2.09417,1.88227,1.68982,1.51771,1.3715,1.25343,1.15993,1.08632,1.02585,0.971201,0.917295,0.862288,0.807314,0.753375,0.701559,0.652699,0.607299,0.565623,0.527507,0.492216,0.458451,0.42644,0.396237,0.368534,0.343661,0.321273,0.300872,0.282037,0.264388,0.247891,0.232317,0.217563,0.203621,0.190468,0.178061,0.166361,0.159481,0.148527,0.13836,0.12893,0.120182,0.112061,0.104518,0.0975061,0.0909837,0.0849103,0.0792531,0.073982,0.0690688,0.0644875,0.0602156,0.056231,0.0525148,0.049049,0.045816,0.0427994,0.0399841,0.0373564,0.531412
1998,22.6879,30.233,24.8129,28.8386,149.82,114.128,28.8475,28.7205,25.3015,17.7423,13.5561,12.3842,13.0469,12.9659,11.14,10.1142,7.99675,5.65991,4.1531,3.13767,2.46162,2.26002,1.93777,1.7234,1.55171,1.39532,1.25509,1.13574,1.03926,0.962826,0.90264,0.853169,0.808379,0.764066,0.718713,0.673279,0.628617,0.585647,0.545079,0.507344,0.472677,0.440946,0.411548,0.383399,0.356698,0.33149,0.30836,0.287587,0.268883,0.251835,0.236091,0.221335,0.207538,0.194512,0.182169,0.170503,0.159496,0.149112,0.139319,0.133561,0.124391,0.115879,0.107983,0.100658,0.0938574,0.0875409,0.0816692,0.0762069,0.0711206,0.0663827,0.061968,0.0578531,0.0540161,0.050438,0.0471007,0.043988,0.0410851,0.0383771,0.0358504,0.0334923,0.476425
1999,17.505,21.1964,28.2447,23.174,26.8893,139.021,104.955,26.2062,25.7426,22.3915,15.5328,11.7679,10.6846,11.2098,11.1122,9.53515,8.654,6.84412,4.84747,3.56035,2.6928,2.11505,1.9441,1.66877,1.48576,1.33909,1.20525,1.08504,0.98262,0.899778,0.834124,0.782424,0.739914,0.701386,0.663202,0.624059,0.584794,0.546154,0.508948,0.473796,0.441082,0.411013,0.383481,0.357961,0.333518,0.310323,0.288419,0.268316,0.250258,0.233997,0.219173,0.205481,0.192647,0.180646,0.169313,0.158574,0.148423,0.138844,0.129808,0.121284,0.116273,0.108292,0.100883,0.0940098,0.0876335,0.0817136,0.0762149,0.0711033,0.0663481,0.0619201,0.0577954,0.053952,0.0503696,0.047029,0.0439139,0.0410083,0.0382984,0.035771,0.0334134,0.0312135,0.443965
2000,15.9088,16.3542,19.8026,26.381,21.613,24.9654,127.997,95.5675,23.5858,22.9258,19.7707,13.6259,10.2756,9.30121,9.74033,9.64622,8.27459,7.51085,5.94252,4.21139,3.09532,2.34281,1.84153,1.69391,1.45502,1.29629,1.16902,1.05275,0.948227,0.859105,0.786995,0.729835,0.684821,0.647802,0.614229,0.580923,0.546747,0.512439,0.478657,0.446112,0.415353,0.386717,0.360389,0.336277,0.313923,0.292506,0.27218,0.252982,0.23536,0.219529,0.205272,0.192274,0.180267,0.169012,0.158487,0.148547,0.139127,0.130223,0.12182,0.113893,0.106416,0.10202,0.0950181,0.0885176,0.0824876,0.0768932,0.0716992,0.0668747,0.0623898,0.0582175,0.0543323,0.0507131,0.0473408,0.0441975,0.0412663,0.038533,0.0359835,0.0336056,0.0313879,0.0293192,0.416956
2001,13.4699,14.8629,15.2789,18.4967,24.6086,20.0773,23.013,116.807,86.3169,21.1105,20.3727,17.4758,11.9997,9.02736,8.15932,8.53792,8.45304,7.25143,6.58389,5.21121,3.6949,2.71709,2.0576,1.61816,1.48917,1.27974,1.1406,1.02901,0.926996,0.835219,0.756934,0.693576,0.643349,0.603792,0.571256,0.541737,0.512436,0.482351,0.452134,0.42237,0.393686,0.36657,0.341321,0.318104,0.296836,0.277117,0.258223,0.240287,0.223346,0.207794,0.193822,0.181239,0.169766,0.159168,0.149232,0.139941,0.131165,0.122849,0.114988,0.107569,0.10057,0.0939684,0.0900873,0.0839045,0.0781646,0.0728401,0.0679003,0.0633139,0.0590538,0.0550935,0.0514093,0.0479785,0.0447827,0.0418048,0.039029,0.0364407,0.034027,0.0317757,0.0296759,0.0277176,0.39409
2002,14.0674,12.5844,13.8856,14.2705,17.2516,22.8567,18.5041,20.9885,105.323,77.0035,18.6639,17.8859,15.2651,10.4462,7.8424,7.08088,7.40715,7.33502,6.29578,5.72056,4.53184,3.21618,2.36726,1.7943,1.41231,1.30077,1.11866,0.997718,0.900663,0.811826,0.731819,0.663524,0.608231,0.564386,0.529854,0.501446,0.475654,0.450028,0.423691,0.397219,0.371128,0.345972,0.322181,0.300022,0.27964,0.260966,0.243648,0.22705,0.211292,0.196405,0.182738,0.170457,0.159396,0.149311,0.139993,0.131258,0.123088,0.115371,0.108058,0.101145,0.0946208,0.0884654,0.0826588,0.0792455,0.0738074,0.0687587,0.0640753,0.0597302,0.0556959,0.0519486,0.048465,0.0452242,0.0422063,0.039395,0.0367755,0.0343337,0.0320568,0.0299336,0.0279531,0.026106,0.371066
2003,43.4435,13.1426,11.757,12.9715,13.3245,16.0849,21.2539,17.1439,19.3685,96.8295,70.569,17.0619,16.3212,13.9129,9.51382,7.13978,6.44579,6.74332,6.67898,5.73428,5.21201,4.13035,2.93223,2.15897,1.63694,1.28882,1.18735,1.02137,0.911151,0.822683,0.741672,0.668688,0.606374,0.555915,0.515902,0.484386,0.458457,0.434912,0.411511,0.387452,0.363265,0.339421,0.316428,0.294681,0.274422,0.255787,0.238713,0.222876,0.207698,0.193287,0.179671,0.167171,0.155938,0.145821,0.136596,0.128073,0.120082,0.112608,0.10555,0.0988597,0.0925355,0.0865667,0.0809356,0.0756235,0.0725009,0.0675257,0.0629069,0.0586222,0.054647,0.0509561,0.0475277,0.0443406,0.0413756,0.0386146,0.0360426,0.033646,0.0314121,0.0293289,0.0273864,0.0255744,0.363375
2004,21.0803,40.5875,12.2786,10.9827,12.104,12.3875,14.8501,19.4509,15.556,17.4501,86.7679,62.9865,15.1852,14.496,12.3383,8.42766,6.31937,5.70152,5.96181,5.90273,5.06636,4.60388,3.64777,2.58927,1.90623,1.44517,1.13775,1.04811,0.901547,0.804221,0.726109,0.654588,0.590158,0.535149,0.490608,0.455288,0.427469,0.404582,0.3838,0.363146,0.341912,0.320566,0.299522,0.279231,0.260039,0.242161,0.225716,0.210648,0.196673,0.183279,0.170562,0.158546,0.147515,0.137604,0.128676,0.120535,0.113014,0.105963,0.0993678,0.093139,0.0872356,0.081655,0.076388,0.0714189,0.0667314,0.063976,0.0595858,0.0555101,0.0517292,0.0482214,0.0449645,0.0419392,0.0391269,0.0365105,0.0340741,0.0318046,0.0296898,0.0277185,0.0258803,0.0241661,0.343215
2005,17.9824,19.6945,37.9193,11.471,10.2574,11.2936,11.5361,13.7945,18.0204,14.3767,16.0927,79.8751,57.8973,13.9415,13.2959,11.3082,7.71937,5.78551,5.21789,5.45448,5.39916,4.63327,4.20969,3.33505,2.36706,1.7425,1.32095,1.0399,0.957925,0.823944,0.734972,0.663568,0.598194,0.539304,0.489028,0.448319,0.416038,0.390614,0.369697,0.350704,0.331828,0.312424,0.292917,0.273687,0.255145,0.237608,0.221271,0.206244,0.192476,0.179706,0.167467,0.155847,0.144868,0.134788,0.125732,0.117574,0.110135,0.103263,0.0968203,0.0907944,0.0851029,0.0797089,0.0746097,0.0697972,0.0652568,0.0609737,0.058456,0.0544446,0.0507205,0.0472658,0.0440607,0.0410848,0.0383206,0.0357509,0.0333603,0.0311341,0.0290604,0.027128,0.0253268,0.0236473,0.335682
2006,14.8793,16.8002,18.3998,35.4243,10.7108,9.56076,10.4904,10.6659,12.6896,16.4963,13.1028,14.6106,72.2828,52.2526,12.5546,11.952,10.1509,6.92159,5.18299,4.67121,4.8803,4.82866,4.14223,3.76246,2.98004,2.11469,1.55647,1.17978,0.928664,0.855382,0.735688,0.656204,0.592421,0.534031,0.481439,0.436542,0.400191,0.371367,0.348664,0.329988,0.313029,0.296177,0.278854,0.261441,0.244275,0.227724,0.21207,0.197488,0.184075,0.171786,0.160388,0.149464,0.139092,0.129294,0.120297,0.112214,0.104933,0.0982942,0.0921609,0.0864105,0.0810323,0.0759527,0.0711386,0.0665876,0.0622925,0.0582403,0.0544177,0.0521707,0.0485906,0.0452669,0.0421836,0.0393231,0.0366672,0.0342002,0.0319068,0.0297732,0.0277864,0.0259356,0.0242111,0.0226036,0.320692
2007,15.1562,13.9011,15.6957,17.1883,33.0618,9.96521,8.84235,9.62775,9.71288,11.4769,14.8364,11.732,13.0365,64.3206,46.3986,11.1297,10.5821,8.97838,6.11736,4.57798,4.12396,4.30691,4.26004,3.65355,3.31793,2.62753,1.86429,1.37203,1.03988,0.818477,0.753842,0.648322,0.578251,0.522025,0.470558,0.424205,0.384636,0.3526,0.327197,0.30719,0.290731,0.275787,0.260937,0.245673,0.23033,0.215205,0.200622,0.18683,0.173983,0.162166,0.151339,0.141297,0.131673,0.122536,0.113903,0.105978,0.0988563,0.092442,0.0865933,0.08119,0.076124,0.071386,0.0669111,0.06267,0.0586608,0.0548769,0.051307,0.0479395,0.04596,0.0428061,0.039878,0.0371618,0.0346418,0.0323021,0.0301288,0.0281084,0.0262288,0.0244785,0.0228481,0.0213288,0.302427
2008,20.8145,14.1599,12.9872,14.6618,16.037,30.7212,9.18746,8.06953,8.69476,8.68962,10.1873,13.0854,10.2947,11.3931,56.0327,40.3186,9.65233,9.16321,7.76517,5.28572,3.95265,3.55853,3.71462,3.67279,3.14893,2.85894,2.26358,1.60579,1.18161,0.895453,0.70473,0.649023,0.558135,0.497781,0.449356,0.405035,0.365122,0.331054,0.303472,0.281601,0.264377,0.250207,0.237342,0.224559,0.21142,0.198214,0.185197,0.172646,0.160776,0.149719,0.13955,0.130232,0.12159,0.113308,0.105445,0.0980158,0.0911955,0.0850673,0.0795475,0.0745145,0.0698648,0.0655054,0.0614282,0.0575775,0.0539279,0.0504779,0.0472218,0.0441499,0.0412521,0.0395487,0.0368347,0.0343152,0.0319778,0.0298094,0.027796,0.0259258,0.0241873,0.0225699,0.0210638,0.0196608,0.278592
2009,27.2086,19.4462,13.229,12.1328,13.6908,14.9504,28.5465,8.49846,7.42608,7.95998,7.91623,9.23941,11.822,9.27022,10.2315,50.2091,36.0644,8.62172,8.17569,6.92218,4.70858,3.51908,3.16676,3.30447,3.26629,2.79973,2.5414,2.01183,1.427,1.04993,0.795587,0.626084,0.576554,0.495785,0.442151,0.399121,0.359741,0.324282,0.294016,0.269513,0.250085,0.234784,0.222196,0.210769,0.199415,0.187745,0.176016,0.164455,0.153309,0.142768,0.132949,0.123918,0.115643,0.107969,0.100614,0.0936318,0.0870349,0.0809786,0.0755368,0.0706353,0.066166,0.0620372,0.0581661,0.0545457,0.0511264,0.0478857,0.0448222,0.0419309,0.0392032,0.03663,0.0351175,0.0327076,0.0304703,0.0283949,0.0264693,0.0246816,0.0230209,0.0214772,0.020041,0.0187037,0.264835
2010,62.0308,25.4199,18.1678,12.3585,11.328,12.7579,13.881,26.383,7.81922,6.8071,7.27574,7.22068,8.41487,10.7551,8.42691,9.29522,45.5941,32.7385,7.82459,7.41832,6.27996,4.27121,3.1919,2.87211,2.99682,2.96205,2.53884,2.3045,1.82425,1.29392,0.951994,0.721364,0.567666,0.522751,0.449515,0.400883,0.361866,0.326161,0.294009,0.266567,0.244351,0.226736,0.212863,0.20145,0.191089,0.180795,0.170215,0.159581,0.149099,0.138993,0.129436,0.120534,0.112346,0.104844,0.0978868,0.0912188,0.0848882,0.0789073,0.0734165,0.0684828,0.064039,0.0599871,0.0562438,0.0527343,0.049452,0.0463519,0.0434138,0.0406365,0.0380152,0.0355422,0.0332093,0.031838,0.0296531,0.0276248,0.0257432,0.0239975,0.0223766,0.0208711,0.0194715,0.0181695,0.25706
2011,34.7419,57.9529,23.7488,16.9729,11.5425,10.5704,11.8839,12.9014,24.4671,7.23776,6.29151,6.717,6.66043,7.75691,9.90931,7.76125,8.55851,41.9711,30.1318,7.20063,6.82604,5.77809,3.92961,2.93646,2.64215,2.75678,2.72472,2.33536,2.11976,1.67798,1.19016,0.875642,0.663502,0.522129,0.480814,0.41345,0.368718,0.33283,0.299988,0.270416,0.245176,0.224742,0.20854,0.195779,0.185282,0.175753,0.166284,0.156553,0.146772,0.137132,0.127837,0.119047,0.11086,0.103329,0.0964289,0.0900299,0.0838971,0.0780746,0.0725737,0.0675236,0.0629859,0.0588988,0.0551722,0.0517293,0.0485015,0.0454826,0.0426314,0.0399291,0.0373747,0.0349638,0.0326893,0.0305437,0.0292824,0.027273,0.0254074,0.0236768,0.0220712,0.0205805,0.0191958,0.0179086,0.253137
2012,68.1705,32.458,54.143,22.1864,15.8491,10.7616,9.82649,11.0071,11.9069,22.5142,6.64503,5.76678,6.14949,6.09248,7.09104,9.0545,7.08929,7.81549,38.3197,27.5062,6.57241,6.22992,5.2731,3.58597,2.67954,2.41089,2.51541,2.48608,2.13078,1.93404,1.53094,1.08585,0.798891,0.60534,0.476356,0.438659,0.3772,0.336388,0.303645,0.273682,0.246703,0.223675,0.205032,0.190251,0.178609,0.169033,0.160339,0.1517,0.142823,0.133899,0.125104,0.116625,0.108606,0.101136,0.0942658,0.0879711,0.0821333,0.0765384,0.0712265,0.0662082,0.061601,0.0574613,0.0537327,0.0503329,0.047192,0.0442473,0.0414932,0.0388921,0.0364268,0.0340964,0.031897,0.029822,0.0278646,0.026714,0.0248808,0.0231789,0.0216001,0.0201353,0.0187753,0.0175121,0.247271
2013,21.8272,63.689,30.3241,50.5797,20.7128,14.7635,9.98249,9.06686,10.1035,10.8817,20.5064,6.03729,5.22971,5.56922,5.51203,6.41062,8.18101,6.40261,7.05611,34.5875,24.8222,5.93015,5.62042,4.75673,3.23454,2.41679,2.17436,2.26852,2.242,1.92152,1.74405,1.38052,0.979145,0.720374,0.545838,0.429527,0.395533,0.340113,0.303312,0.273787,0.246769,0.222441,0.201677,0.184867,0.171539,0.161042,0.152407,0.144568,0.136779,0.128774,0.120729,0.112799,0.105153,0.0979225,0.0911876,0.084993,0.0793175,0.0740539,0.0690093,0.06422,0.0596952,0.0555412,0.0518088,0.0484469,0.0453815,0.0425496,0.0398946,0.0374114,0.0350662,0.0328434,0.0307423,0.0287592,0.0268883,0.0251235,0.024086,0.0224332,0.0208987,0.0194752,0.0181545,0.0169284,0.238736
2014,15.8565,20.3923,59.502,28.3296,47.2385,19.3243,13.7468,9.27209,8.40127,9.34291,10.047,18.9118,5.5632,4.81613,5.12651,5.07219,5.8976,7.52489,5.88827,6.48855,31.8027,22.8221,5.45202,5.16704,4.37287,2.97344,2.22164,1.99875,2.08528,2.06087,1.76626,1.60312,1.26895,0.900008,0.662148,0.501717,0.394806,0.363558,0.312617,0.27879,0.251652,0.226818,0.204457,0.185371,0.16992,0.157669,0.148021,0.140084,0.132878,0.125719,0.118362,0.110967,0.103678,0.0966504,0.0900045,0.0838142,0.0781204,0.0729038,0.0680659,0.0634292,0.0590271,0.0548682,0.0510501,0.0476195,0.0445294,0.0417119,0.039109,0.0366686,0.0343863,0.0322306,0.0301877,0.0282564,0.0264337,0.0247141,0.023092,0.0221384,0.0206192,0.0192088,0.0179004,0.0166865,0.234991
2015,23.4272,14.8141,19.0517,55.5886,26.4592,44.0793,18.0012,12.7784,8.60159,7.78118,8.64313,9.28675,17.4704,5.13692,4.44556,4.73073,4.6795,5.4399,6.93968,5.4295,5.9822,29.3175,21.0365,5.025,4.76197,4.02978,2.73998,2.04711,1.84165,1.92129,1.89874,1.62726,1.47692,1.16903,0.829121,0.609985,0.462185,0.363693,0.334904,0.287975,0.256812,0.231811,0.208934,0.188334,0.170753,0.15652,0.145234,0.136346,0.129035,0.122397,0.115803,0.109025,0.102213,0.0954992,0.089026,0.0829042,0.0772022,0.0719575,0.0671524,0.0626961,0.0584251,0.0543703,0.0505395,0.0470226,0.0438626,0.0410163,0.0384211,0.0360235,0.0337757,0.0316734,0.0296878,0.027806,0.0260271,0.0243482,0.0227642,0.0212701,0.0203918,0.0189924,0.0176933,0.0164881,0.231821
2016,163.247,21.8871,13.8401,17.7975,51.8877,24.6305,40.825,16.5677,11.6911,7.83236,7.06096,7.82436,8.39292,15.7697,4.63258,4.00614,4.26051,4.21219,4.89447,6.24145,4.88158,5.37693,26.3444,18.899,4.51354,4.27656,3.61847,2.46001,1.83773,1.65312,1.72446,1.70409,1.46035,1.32535,1.04901,0.743965,0.547315,0.414686,0.326307,0.300469,0.25836,0.230397,0.207964,0.187437,0.168955,0.153181,0.140411,0.130286,0.122312,0.115752,0.109797,0.103881,0.0978003,0.0916893,0.0856662,0.0798593,0.0743676,0.0692526,0.0645478,0.0602373,0.0562398,0.0524086,0.0487712,0.0453349,0.0421801,0.0393455,0.0367923,0.0344643,0.0323136,0.0302973,0.0284115,0.0266304,0.0249423,0.0233466,0.0218406,0.0204198,0.0190795,0.0182917,0.0170364,0.0158711,0.222736
2017,99.9628,152.515,20.4482,12.9288,16.6102,48.2728,22.7797,37.4825,15.1066,10.6017,7.07453,6.36048,7.03503,7.53629,14.1463,4.15252,3.58878,3.81468,3.76975,4.37872,5.58194,4.36452,4.80622,23.5432,16.8863,4.03221,3.81996,3.23174,2.19685,1.64099,1.47602,1.53961,1.52133,1.30366,1.18309,0.936371,0.664056,0.488512,0.370122,0.291233,0.268167,0.23058,0.205621,0.185597,0.167276,0.15078,0.136701,0.125304,0.116267,0.109151,0.103296,0.0979814,0.0927013,0.087275,0.0818214,0.0764463,0.0712642,0.0663634,0.0617987,0.0576003,0.0537537,0.0501863,0.0467674,0.0435215,0.040455,0.0376398,0.0351103,0.0328319,0.0307545,0.0288353,0.027036,0.0253531,0.0237638,0.0222574,0.0208335,0.0194896,0.0182217,0.0170257,0.0163227,0.0152025,0.212922
2018,58.1979,93.3913,142.489,19.1035,12.0756,15.4965,44.9064,21.0853,34.4653,13.7894,9.60885,6.37142,5.69747,6.27361,6.69614,12.532,3.66974,3.16522,3.35892,3.31481,3.84586,4.89791,3.82654,4.21085,20.6145,14.7782,3.52727,3.34034,2.82506,1.91986,1.43373,1.28933,1.34463,1.32845,1.13821,1.03282,0.817351,0.579595,0.426344,0.322997,0.254137,0.233996,0.201189,0.179403,0.161927,0.145937,0.131542,0.119256,0.109311,0.101426,0.095216,0.0901076,0.0854703,0.0808634,0.0761293,0.0713715,0.0666824,0.0621616,0.0578865,0.0539046,0.0502422,0.0468868,0.043775,0.0407927,0.0379614,0.0352866,0.032831,0.0306245,0.0286372,0.0268252,0.0251511,0.0235817,0.0221138,0.0207275,0.0194136,0.0181716,0.0169994,0.0158935,0.0148503,0.0142371,0.198976
2019,66.7886,54.372,87.2517,133.118,17.8424,11.2649,14.412,41.5424,19.3689,31.4148,12.4744,8.63396,5.69213,5.06583,5.55641,5.91182,11.0354,3.2246,2.77636,2.94192,2.8997,3.36074,4.2763,3.33839,3.67132,17.9633,12.8715,3.07094,2.90717,2.45796,1.66995,1.24681,1.12101,1.16889,1.15465,0.989177,0.897478,0.710173,0.50355,0.370377,0.280578,0.220748,0.203242,0.174739,0.155811,0.140628,0.126738,0.114233,0.103562,0.0949234,0.0880744,0.0826805,0.0782435,0.0742158,0.0702148,0.0661035,0.0619717,0.0578997,0.053974,0.0502617,0.0468041,0.0436239,0.0407103,0.0380083,0.0354188,0.0329604,0.0306379,0.0285057,0.0265899,0.0248643,0.023291,0.0218375,0.0204748,0.0192003,0.0179966,0.0168558,0.0157774,0.0147597,0.0137995,0.0128937,0.185122
2020,34.9719,62.398,50.7975,81.5133,124.324,16.6402,10.4678,13.3075,38.0346,17.566,28.2239,11.111,7.6323,4.99926,4.42487,4.83096,5.11992,9.5256,2.7756,2.38405,2.52105,2.48052,2.87058,3.64789,2.84464,3.12532,15.2791,10.9403,2.60855,2.46811,2.08576,1.41649,1.0572,0.950234,0.990551,0.97825,0.837881,0.760069,0.601346,0.426325,0.313537,0.237494,0.186833,0.172003,0.14787,0.131844,0.11899,0.107231,0.0966471,0.0876153,0.0803043,0.074508,0.069943,0.0661881,0.0627797,0.0593942,0.0559155,0.0524198,0.0489748,0.0456538,0.0425133,0.0395884,0.0368982,0.0344336,0.032148,0.0299576,0.0278782,0.0259136,0.0241101,0.0224897,0.0210302,0.0196994,0.01847,0.0173174,0.0162394,0.0152213,0.0142565,0.0133444,0.0124835,0.0116714,0.167478
2021,35.7195,32.6729,58.2959,47.4567,76.1296,115.956,15.4663,9.67049,12.1944,34.5382,15.8082,25.1905,9.84527,6.72101,4.37931,3.859,4.19741,4.43439,8.22797,2.39199,2.05054,2.16473,2.12686,2.45826,3.12059,2.43121,2.66897,13.0391,9.33082,2.22364,2.10297,1.77649,1.20605,0.899865,0.808608,0.842724,0.832093,0.712571,0.646298,0.511264,0.362419,0.266511,0.201854,0.158783,0.14617,0.125653,0.112029,0.101102,0.0911074,0.0821117,0.0744358,0.0682226,0.0632968,0.0594174,0.0562264,0.0533301,0.0504534,0.0474978,0.0445278,0.0416011,0.0387797,0.0361118,0.0336271,0.0313418,0.0292482,0.0273066,0.025446,0.0236796,0.0220109,0.0204789,0.0191025,0.0178628,0.0167324,0.0156881,0.0147091,0.0137935,0.0129287,0.0121091,0.0113344,0.0106032,0.152165
2022,39.2651,33.3713,30.525,54.4619,44.3219,71.0015,107.757,14.2826,8.85517,11.0607,31.0308,14.0784,22.2599,8.64129,5.86507,3.80276,3.33687,3.61645,3.80887,7.04868,2.04451,1.74925,1.84357,1.80869,2.08791,2.6476,2.06078,2.26048,11.0357,7.89235,1.87984,1.777,1.50052,1.01833,0.759574,0.68236,0.710981,0.701868,0.600943,0.544965,0.431043,0.305516,0.224642,0.170127,0.133815,0.123175,0.10588,0.0943945,0.0851831,0.0767589,0.0691772,0.0627084,0.0574724,0.0533213,0.0500522,0.0473632,0.0449227,0.0424988,0.0400086,0.0375065,0.0350409,0.0326641,0.0304167,0.0283236,0.0263986,0.024635,0.0229996,0.0214323,0.0199445,0.0185389,0.0172486,0.0160892,0.015045,0.0140929,0.0132133,0.0123887,0.0116175,0.0108892,0.0101989,0.00954636,0.137091
2023,39.0344,36.6838,31.1775,28.5174,50.8644,41.3336,65.9483,99.332,13.0229,7.9699,9.82132,27.2051,12.2052,19.1173,7.36486,4.96845,3.20608,2.80283,3.02887,3.18281,5.87965,1.70305,1.45548,1.5326,1.50253,1.73349,2.19713,1.70949,1.87455,9.14911,6.54166,1.55783,1.47237,1.24312,0.84355,0.629141,0.565138,0.5888,0.581215,0.497612,0.451239,0.356895,0.252952,0.185986,0.140848,0.110783,0.101973,0.0876526,0.0781432,0.0705167,0.0635421,0.0572653,0.0519099,0.0475751,0.0441386,0.0414322,0.0392061,0.0371857,0.0351791,0.0331177,0.0310464,0.0290054,0.0270379,0.0251775,0.0234449,0.0218514,0.0203916,0.0190379,0.0177406,0.016509,0.0153455,0.0142774,0.0133178,0.0124534,0.0116653,0.0109373,0.0102547,0.00961633,0.00901343,0.00844205,0.121378
2024,39.2038,36.4683,34.2722,29.1277,26.6408,47.5024,38.5679,61.4332,92.3065,12.0664,7.36175,9.04527,24.9901,11.1867,17.4905,6.72841,4.53392,2.92307,2.55364,2.75807,2.897,5.34986,1.54917,1.32369,1.39358,1.36605,1.57584,1.99713,1.55376,1.70367,8.31465,5.94474,1.41562,1.33792,1.12957,0.766481,0.571649,0.513486,0.534976,0.528078,0.452113,0.409975,0.324256,0.229817,0.168975,0.127965,0.100649,0.0926442,0.0796339,0.0709942,0.0640652,0.0577286,0.0520259,0.0471604,0.0432221,0.0401,0.0376411,0.0356187,0.0337831,0.0319601,0.0300873,0.0282055,0.0263512,0.0245638,0.0228737,0.0212996,0.0198519,0.0185257,0.0172958,0.0161172,0.0149983,0.0139413,0.0129709,0.0120991,0.0113138,0.0105978,0.00993641,0.0093163,0.00873636,0.00818863,0.11794
2025,39.9697,36.6266,34.0709,32.0191,27.212,24.8857,44.3589,35.996,57.2951,86.0212,11.2363,6.85089,8.41314,23.2342,10.3974,16.2526,6.25117,4.2118,2.71514,2.37182,2.56156,2.69049,4.96834,1.43866,1.22924,1.29413,1.26855,1.46335,1.85455,1.44282,1.58202,7.7209,5.5202,1.31452,1.24237,1.0489,0.711737,0.53082,0.47681,0.496765,0.490359,0.41982,0.380691,0.301095,0.213401,0.156905,0.118824,0.0934595,0.0860265,0.0739455,0.0659229,0.0594889,0.0536049,0.0483096,0.0437916,0.0401347,0.0372355,0.0349523,0.0330743,0.0313699,0.0296771,0.0279381,0.0261907,0.0244689,0.0228091,0.0212397,0.0197781,0.0184338,0.0172023,0.0160603,0.0149659,0.0139269,0.0129454,0.0120444,0.0112348,0.0105056,0.0098408,0.00922662,0.0086508,0.00811229,0.117119
2026,40.642,37.3421,34.2188,31.831,29.9133,25.4192,23.2388,41.4008,33.5715,53.3943,80.1049,10.4568,6.37227,7.82221,21.5956,9.66195,15.1004,5.80728,3.91237,2.52194,2.20293,2.37907,2.49873,4.61413,1.33607,1.14157,1.20181,1.17805,1.35894,1.72222,1.33986,1.46912,7.16989,5.12623,1.2207,1.1537,0.974032,0.660935,0.492931,0.442775,0.461305,0.455356,0.389852,0.353516,0.279602,0.198168,0.145705,0.110342,0.0867879,0.0798855,0.0686669,0.061217,0.0552422,0.0497782,0.0448609,0.0406654,0.0372696,0.0345774,0.0324572,0.0307133,0.0291305,0.0275586,0.0259437,0.024321,0.0227221,0.0211809,0.0197235,0.0183662,0.0171179,0.0159743,0.0149138,0.0138975,0.0129327,0.0120213,0.0111846,0.0104328,0.00975567,0.00913829,0.00856795,0.00803325,0.116291
2027,41.2004,37.9702,34.8872,31.9692,29.7375,27.9423,23.7364,21.6878,38.6081,31.281,49.7121,74.5301,9.72373,5.92302,7.2684,20.0618,8.97417,14.0237,5.39268,3.63279,2.3416,2.04532,2.20878,2.31983,4.28369,1.24037,1.05978,1.1157,1.09363,1.26156,1.59879,1.24383,1.36382,6.65597,4.75878,1.1332,1.071,0.904208,0.613555,0.457594,0.411034,0.428235,0.422712,0.361903,0.328172,0.259557,0.183961,0.135259,0.102431,0.0805658,0.0741582,0.0637439,0.0568281,0.0512817,0.0462094,0.0416447,0.03775,0.0345976,0.0320984,0.0301302,0.0285113,0.027042,0.0255828,0.0240836,0.0225774,0.0210931,0.0196623,0.0183094,0.0170494,0.0158906,0.014829,0.0138445,0.0129011,0.0120055,0.0111594,0.0103827,0.0096848,0.00905624,0.00848312,0.00795367,0.115411
2028,41.4333,38.4919,35.474,32.5933,29.8631,27.7608,26.0395,22.0481,20.0515,35.499,28.5985,45.2068,67.4588,8.76676,5.3232,6.51594,17.9496,8.01699,12.513,4.80729,3.23609,2.0847,1.8201,1.96485,2.06303,3.80861,1.10259,0.941918,0.991488,0.971767,1.12088,1.4204,1.10497,1.2115,5.91231,4.22692,1.00652,0.951237,0.803078,0.544921,0.406398,0.365041,0.380312,0.375402,0.321396,0.291437,0.2305,0.163366,0.120115,0.0909628,0.0715451,0.0658546,0.0566062,0.0504646,0.0455391,0.0410348,0.0369811,0.0335225,0.0307231,0.0285037,0.0267559,0.0253183,0.0240135,0.0227177,0.0213864,0.0200488,0.0187307,0.0174602,0.0162588,0.0151399,0.0141109,0.0131682,0.012294,0.0114562,0.0106609,0.00990957,0.00921984,0.00860012,0.00804195,0.00753302,0.109548
2029,41.5966,38.7095,35.9615,33.1416,30.4462,27.8782,25.8708,24.1885,20.3864,18.4391,32.4604,26.0122,40.9279,60.8369,7.88138,4.77368,5.83188,16.0408,7.15597,11.1588,4.28395,2.88215,1.85586,1.61972,1.74804,1.83495,3.3869,0.980355,0.837383,0.881357,0.863748,0.996209,1.26233,0.981954,1.07657,5.25363,3.75588,0.894325,0.845186,0.713529,0.484149,0.361069,0.32432,0.337883,0.333518,0.285534,0.258916,0.204778,0.145134,0.10671,0.0808105,0.0635597,0.0585041,0.0502878,0.0448316,0.0404558,0.0364542,0.0328529,0.0297804,0.0272934,0.0253218,0.023769,0.0224919,0.0213327,0.0201815,0.0189989,0.0178106,0.0166397,0.015511,0.0144437,0.0134497,0.0125356,0.0116981,0.0109215,0.0101772,0.00947071,0.00880326,0.00819053,0.00763999,0.00714414,0.10401
2030,41.7029,38.8621,36.1647,33.5969,30.9584,28.4227,25.9808,24.0328,22.367,18.7491,16.8633,29.5303,23.5552,36.9193,54.7073,7.06976,4.27379,5.2133,14.3225,6.38359,9.94727,3.81666,2.56663,1.6521,1.44148,1.55531,1.63233,3.01243,0.871851,0.744623,0.783656,0.767941,0.885652,1.12218,0.872891,0.956964,4.66978,3.33838,0.794893,0.751201,0.634173,0.430296,0.320902,0.288237,0.300288,0.296406,0.253759,0.230102,0.181987,0.128981,0.0948327,0.0718157,0.0564848,0.0519919,0.04469,0.0398411,0.0359523,0.0323961,0.0291956,0.0264651,0.0242549,0.0225028,0.0211229,0.0199879,0.0189578,0.0179347,0.0168837,0.0158277,0.0147872,0.0137841,0.0128357,0.0119523,0.01114,0.0103957,0.00970557,0.00904418,0.00841631,0.00782316,0.00727865,0.0067894,0.0987789
2031,41.7647,38.9614,36.3073,33.7868,31.3838,28.901,26.4886,24.1358,22.2246,20.5729,17.1493,15.3439,26.7468,21.2533,33.2082,49.0874,6.3313,3.82164,4.65631,12.7807,5.69233,8.86516,3.39996,2.28559,1.47078,1.28298,1.38403,1.45235,2.67994,0.775538,0.662306,0.696971,0.682951,0.787593,0.997888,0.776178,0.850907,4.15213,2.96824,0.706745,0.667885,0.563827,0.38256,0.285298,0.256255,0.266966,0.263512,0.225597,0.204564,0.161788,0.114665,0.0843064,0.063844,0.0502147,0.0462203,0.0397289,0.0354182,0.0319611,0.0287996,0.0259544,0.023527,0.0215622,0.0200045,0.0187778,0.0177688,0.016853,0.0159436,0.0150092,0.0140705,0.0131454,0.0122537,0.0114106,0.0106253,0.00990314,0.00924153,0.008628,0.00804004,0.00748188,0.00695459,0.00647053,0.0938474
2032,41.7935,39.0191,36.4001,33.9201,31.5612,29.2983,26.9349,24.6088,22.3218,20.4445,18.8207,15.6075,13.9011,24.1398,19.1228,29.8066,43.9751,5.66348,3.41458,4.1566,11.401,5.07503,7.9003,3.02885,2.03555,1.30958,1.14214,1.23191,1.29256,2.38483,0.690079,0.58928,0.620084,0.607578,0.700639,0.887681,0.690434,0.756886,3.69325,2.64014,0.628612,0.594039,0.501479,0.340252,0.253744,0.227911,0.237436,0.234362,0.20064,0.181932,0.143888,0.101978,0.0749783,0.0567798,0.0446584,0.041106,0.0353328,0.031499,0.0284244,0.0256127,0.0230823,0.0209234,0.0191761,0.0177908,0.0166998,0.0158024,0.014988,0.0141792,0.0133482,0.0125134,0.0116907,0.0108977,0.0101478,0.00944945,0.00880718,0.00821879,0.00767316,0.00715027,0.00665388,0.00618494,0.0892159
2033,41.7981,39.046,36.454,34.0067,31.6857,29.4641,27.3057,25.0244,22.7608,20.5361,18.706,17.1318,14.1429,12.5492,21.7257,17.1689,26.7102,39.3486,5.06183,3.0491,3.70911,10.168,4.52418,7.04034,2.6984,1.81305,1.16622,1.01696,1.09675,1.15062,2.12276,0.6142,0.524452,0.551838,0.540684,0.623474,0.789891,0.614356,0.673469,3.28614,2.34908,0.5593,0.528532,0.446174,0.302725,0.225755,0.20277,0.211243,0.208507,0.178504,0.16186,0.128013,0.0907261,0.0667052,0.0505146,0.0397306,0.03657,0.0314338,0.028023,0.0252877,0.0227862,0.0205351,0.0186144,0.0170599,0.0158274,0.0148568,0.0140585,0.0133339,0.0126144,0.0118751,0.0111324,0.0104005,0.00969499,0.00902789,0.00840661,0.00783522,0.00731176,0.00682635,0.00636116,0.00591955,0.0848723
2034,41.7858,39.0503,36.4791,34.0571,31.7666,29.5804,27.4607,25.3698,23.1468,20.9423,18.7926,17.0305,15.5275,12.7706,11.2972,19.5112,15.3898,23.9074,35.1795,4.52148,2.72172,3.30904,9.06732,4.03305,6.27432,2.40426,1.61512,1.03874,0.905686,0.976647,1.02453,1.89,0.546818,0.466891,0.491249,0.481301,0.554981,0.703095,0.546835,0.599438,2.92486,2.09078,0.497796,0.470405,0.3971,0.269426,0.200922,0.180464,0.188003,0.185567,0.158864,0.144051,0.113927,0.0807432,0.0593652,0.044956,0.0353586,0.0325458,0.0279747,0.0249392,0.0225049,0.0202787,0.0182752,0.0165659,0.0151824,0.0140856,0.0132218,0.0125113,0.0118665,0.0112261,0.0105683,0.00990724,0.00925589,0.00862803,0.00803434,0.00748143,0.00697292,0.00650707,0.00607508,0.00566109,0.0807998
2035,41.7622,39.0388,36.4831,34.0806,31.8138,29.6562,27.5696,25.5148,23.468,21.2997,19.1671,17.1124,15.439,14.0242,11.4995,10.1485,17.4946,13.7791,21.381,31.4341,4.03731,2.42895,2.95182,8.08569,3.59544,5.59226,2.14251,1.43907,0.925402,0.80678,0.869916,0.912498,1.68323,0.486969,0.415771,0.437446,0.428573,0.494167,0.626036,0.486892,0.533719,2.60415,1.8615,0.443201,0.41881,0.353542,0.239871,0.17888,0.160665,0.167376,0.165207,0.141433,0.128245,0.101426,0.0718832,0.0528509,0.0400228,0.0314785,0.0289743,0.0249048,0.0222024,0.0200352,0.0180532,0.0162697,0.0147479,0.0135163,0.0125398,0.0117708,0.0111383,0.0105642,0.00999411,0.00940843,0.00881996,0.00824009,0.00768113,0.0071526,0.00666037,0.00620767,0.00579294,0.00540835,0.076972
2036,41.7316,39.0168,36.4724,34.0843,31.8357,29.7004,27.6407,25.617,23.6038,21.5977,19.4971,17.4566,15.5167,13.9477,12.6317,10.3332,9.10226,15.6683,12.3268,19.1107,28.0771,3.6042,2.16745,2.63313,7.21075,3.20567,4.98512,1.90961,1.28248,0.824623,0.718857,0.775056,0.812945,1.49951,0.433799,0.370361,0.389655,0.381742,0.440157,0.557602,0.43366,0.47536,2.31937,1.65792,0.394726,0.372999,0.314868,0.21363,0.15931,0.143087,0.149063,0.147131,0.125958,0.114212,0.0903279,0.0640173,0.0470675,0.0356431,0.0280338,0.0258036,0.0221794,0.0197727,0.0178426,0.0160776,0.0144892,0.013134,0.0120371,0.0111675,0.0104826,0.00991932,0.00940808,0.00890036,0.00837877,0.0078547,0.00733829,0.0068405,0.00636981,0.00593145,0.00552829,0.00515895,0.0733646
